nombre_actor,url
Camila Duarte,https://www.imdb.com/name/nm10543478/?ref_=tt_cl_t_1
Virgo Martinez,https://www.imdb.com/name/nm10543479/?ref_=tt_cl_t_2
Luciano Antonino,https://www.imdb.com/name/nm10027758/?ref_=tt_cl_t_3
Bianca Carolina,https://www.imdb.com/name/nm10543482/?ref_=tt_cl_t_4
Domenica Centeno,https://www.imdb.com/name/nm10543480/?ref_=tt_cl_t_5
Roy Cora,https://www.imdb.com/name/nm10543483/?ref_=tt_cl_t_6
Sharet Mendez,https://www.imdb.com/name/nm10543484/?ref_=tt_cl_t_7
Carola Silva,https://www.imdb.com/name/nm10543481/?ref_=tt_cl_t_8
Mick Liversidge,https://www.imdb.com/name/nm7896759/?ref_=tt_cl_t_1
Louise Wildman,https://www.imdb.com/name/nm6829518/?ref_=tt_cl_t_2
Paul French,https://www.imdb.com/name/nm4522963/?ref_=tt_cl_t_3
Kabeer Singh,https://www.imdb.com/name/nm10121349/?ref_=tt_cl_t_1
Shriidhar Dubey,https://www.imdb.com/name/nm7436747/?ref_=tt_cl_t_2
Shahina Surve,https://www.imdb.com/name/nm10557901/?ref_=tt_cl_t_3
Nirbhay Singh,https://www.imdb.com/name/nm12376450/?ref_=tt_cl_t_4
Ipsit Nayak,https://www.imdb.com/name/nm6755751/?ref_=tt_cl_t_5
Rishabh Raj Sharma,https://www.imdb.com/name/nm10660201/?ref_=tt_cl_t_6
Ankit Singh,https://www.imdb.com/name/nm12376443/?ref_=tt_cl_t_7
Vikhyat Swades,https://www.imdb.com/name/nm10930002/?ref_=tt_cl_t_8
Jinal Jain,https://www.imdb.com/name/nm12408453/?ref_=tt_cl_t_9
Khushbu Patel,https://www.imdb.com/name/nm4490909/?ref_=tt_cl_t_10
Jan Huttanus,https://www.imdb.com/name/nm10559560/?ref_=tt_cl_t_1
Frederike Junge,https://www.imdb.com/name/nm11846336/?ref_=tt_cl_t_2
Stefan Frohwein,https://www.imdb.com/name/nm10593744/?ref_=tt_cl_t_3
Grayson Taylor,https://www.imdb.com/name/nm3579886/?ref_=tt_cl_t_1
Carole Foreman,https://www.imdb.com/name/nm10559769/?ref_=tt_cl_t_2
Te'ena Klein,https://www.imdb.com/name/nm10194648/?ref_=tt_cl_t_3
Leo Grinberg,https://www.imdb.com/name/nm5380951/?ref_=tt_cl_t_4
Catherine Ashmore Bradley,https://www.imdb.com/name/nm9512705/?ref_=tt_cl_t_5
Kathleen Bernhard,https://www.imdb.com/name/nm10556008/?ref_=tt_cl_t_6
Andy Boxold,https://www.imdb.com/name/nm10786367/?ref_=tt_cl_t_7
Aubin Bradley,https://www.imdb.com/name/nm10629845/?ref_=tt_cl_t_8
Lucas Cardona,https://www.imdb.com/name/nm10786370/?ref_=tt_cl_t_9
Keira Coakley,https://www.imdb.com/name/nm10786365/?ref_=tt_cl_t_10
Andy Kalirai,https://www.imdb.com/name/nm9454474/?ref_=tt_cl_t_1
Kianna Taylor,https://www.imdb.com/name/nm10560295/?ref_=tt_cl_t_2
Tarun Keram,https://www.imdb.com/name/nm5519444/?ref_=tt_cl_t_3
Ranjit Samra,https://www.imdb.com/name/nm4225655/?ref_=tt_cl_t_4
Umar Farooq Khan,https://www.imdb.com/name/nm9928341/?ref_=tt_cl_t_5
Ali Seifi,https://www.imdb.com/name/nm7515851/?ref_=tt_cl_t_6
Arman Kerim,https://www.imdb.com/name/nm10560272/?ref_=tt_cl_t_7
Burhan Babar,https://www.imdb.com/name/nm9961416/?ref_=tt_cl_t_8
Amelia Rae,https://www.imdb.com/name/nm8805041/?ref_=tt_cl_t_1
Mojan Nourbakhsh,https://www.imdb.com/name/nm6052582/?ref_=tt_cl_t_2
Simon Brandon,https://www.imdb.com/name/nm1782770/?ref_=tt_cl_t_1
Ian Howard,https://www.imdb.com/name/nm10588880/?ref_=tt_cl_t_2
Katie Howard,https://www.imdb.com/name/nm10588881/?ref_=tt_cl_t_3
Lucy Howard,https://www.imdb.com/name/nm10588884/?ref_=tt_cl_t_4
Kathryn Mincer,https://www.imdb.com/name/nm6808175/?ref_=tt_cl_t_5
Mimi Newby,https://www.imdb.com/name/nm10455095/?ref_=tt_cl_t_6
Oni Ngonadi,https://www.imdb.com/name/nm10588879/?ref_=tt_cl_t_7
Ivana Petrovic,https://www.imdb.com/name/nm10588877/?ref_=tt_cl_t_8
Tristan Pretty,https://www.imdb.com/name/nm9415620/?ref_=tt_cl_t_9
Steve Rudge,https://www.imdb.com/name/nm10588876/?ref_=tt_cl_t_10
Jaret Martino,https://www.imdb.com/name/nm2744532/?ref_=tt_cl_t_1
Sandy Bainum,https://www.imdb.com/name/nm4923649/?ref_=tt_cl_t_2
Amanda Dressel,https://www.imdb.com/name/nm8392625/?ref_=tt_cl_t_3
Meredith O'Connor,https://www.imdb.com/name/nm5314005/?ref_=tt_cl_t_4
Leilani Fideler,https://www.imdb.com/name/nm3612769/?ref_=tt_cl_t_5
Kristin Pilgreen,https://www.imdb.com/name/nm8567021/?ref_=tt_cl_t_6
Francisco Raposo,https://www.imdb.com/name/nm10552292/?ref_=tt_cl_t_7
Skylar Lipkin,https://www.imdb.com/name/nm9936791/?ref_=tt_cl_t_8
Ben Levine,https://www.imdb.com/name/nm11048789/?ref_=tt_cl_t_9
Eva Fagundes,https://www.imdb.com/name/nm10822088/?ref_=tt_cl_t_10
Gábor Nagypál,https://www.imdb.com/name/nm2129108/?ref_=tt_cl_t_1
Balázs Koltai-Nagy,https://www.imdb.com/name/nm11233713/?ref_=tt_cl_t_2
Csenge Dunai,https://www.imdb.com/name/nm6164900/?ref_=tt_cl_t_3
Anastasiia Perevozova,https://www.imdb.com/name/nm10058435/?ref_=tt_cl_t_1
Denise Milfort,https://www.imdb.com/name/nm1632747/?ref_=tt_cl_t_2
Shabby Yusufzai,https://www.imdb.com/name/nm8939446/?ref_=tt_cl_t_3
Jeff Tendall,https://www.imdb.com/name/nm4717668/?ref_=tt_cl_t_4
Everett Tucker,https://www.imdb.com/name/nm9211274/?ref_=tt_cl_t_5
Alexander Man,https://www.imdb.com/name/nm6054408/?ref_=tt_cl_t_6
John V. Grant,https://www.imdb.com/name/nm10959590/?ref_=tt_cl_t_7
Alex Wood,https://www.imdb.com/name/nm9573994/?ref_=tt_cl_t_8
Orlando Naveo,https://www.imdb.com/name/nm7627820/?ref_=tt_cl_t_9
Estrella Lopez,https://www.imdb.com/name/nm10592240/?ref_=tt_cl_t_10
Myk Watford,https://www.imdb.com/name/nm0914223/?ref_=tt_cl_t_1
Amelia McClain,https://www.imdb.com/name/nm3059284/?ref_=tt_cl_t_2
Margauex Ly,https://www.imdb.com/name/nm10891348/?ref_=tt_cl_t_3
Katrina Yashar,https://www.imdb.com/name/nm6975680/?ref_=tt_cl_t_4
Katrina Mairi Wright,https://www.imdb.com/name/nm10891347/?ref_=tt_cl_t_5
Adrian Mohamad Tafesh,https://www.imdb.com/name/nm10891346/?ref_=tt_cl_t_6
Michael Hefron,https://www.imdb.com/name/nm6706790/?ref_=tt_cl_t_1
Jay N. Cohen,https://www.imdb.com/name/nm3298231/?ref_=tt_cl_t_2
Mason Gillett,https://www.imdb.com/name/nm10557346/?ref_=tt_cl_t_3
Adam Cyzner,https://www.imdb.com/name/nm7147656/?ref_=tt_cl_t_4
Katie Layman,https://www.imdb.com/name/nm5534191/?ref_=tt_cl_t_5
Michael Fargas,https://www.imdb.com/name/nm9382201/?ref_=tt_cl_t_6
Deon Galanos,https://www.imdb.com/name/nm10599372/?ref_=tt_cl_t_7
Nick Shaner,https://www.imdb.com/name/nm10457632/?ref_=tt_cl_t_8
Tali Simon,https://www.imdb.com/name/nm10599612/?ref_=tt_cl_t_1
Mia Barrett,https://www.imdb.com/name/nm7747042/?ref_=tt_cl_t_2
Briannah Borg,https://www.imdb.com/name/nm9631178/?ref_=tt_cl_t_3
Louis Le,https://www.imdb.com/name/nm10459523/?ref_=tt_cl_t_4
Daragh Moore,https://www.imdb.com/name/nm9750079/?ref_=tt_cl_t_5
Jack Bochow,https://www.imdb.com/name/nm10724624/?ref_=tt_cl_t_6
Olivia Mitchell,https://www.imdb.com/name/nm10724835/?ref_=tt_cl_t_7
Riley Fox,https://www.imdb.com/name/nm8575931/?ref_=tt_cl_t_8
Nadia Hunter,https://www.imdb.com/name/nm4669870/?ref_=tt_cl_t_9
Josh Karlik,https://www.imdb.com/name/nm6269004/?ref_=tt_cl_t_10
Nicolas Bro,https://www.imdb.com/name/nm0110334/?ref_=tt_cl_t_1
Rex Leonard,https://www.imdb.com/name/nm9447673/?ref_=tt_cl_t_2
Freja Bella Lindahl,https://www.imdb.com/name/nm11429692/?ref_=tt_cl_t_3
Louise Hylland,https://www.imdb.com/name/nm10598035/?ref_=tt_cl_t_4
Biljana Stojkoska,https://www.imdb.com/name/nm2571500/?ref_=tt_cl_t_5
Earl James Atkinson,https://www.imdb.com/name/nm10610297/?ref_=tt_cl_t_1
Savanna Small,https://www.imdb.com/name/nm8126849/?ref_=tt_cl_t_2
Tom Trevella,https://www.imdb.com/name/nm5200897/?ref_=tt_cl_t_1
Amber Ranson,https://www.imdb.com/name/nm11603160/?ref_=tt_cl_t_2
Jasper Sutcliffe,https://www.imdb.com/name/nm11603161/?ref_=tt_cl_t_3
Madeleine Magee Carr,https://www.imdb.com/name/nm10618280/?ref_=tt_cl_t_1
Tii Mayshack-Mendero,https://www.imdb.com/name/nm10012709/?ref_=tt_cl_t_2
Hunter Amos,https://www.imdb.com/name/nm10618283/?ref_=tt_cl_t_3
Shaun Chaseling,https://www.imdb.com/name/nm8972719/?ref_=tt_cl_t_4
Melia Naughton,https://www.imdb.com/name/nm10618284/?ref_=tt_cl_t_5
David Tracy,https://www.imdb.com/name/nm10618285/?ref_=tt_cl_t_6
Aurelien Rignault,https://www.imdb.com/name/nm10618286/?ref_=tt_cl_t_7
Harrison Lee,https://www.imdb.com/name/nm10618281/?ref_=tt_cl_t_8
Katherine Shearer,https://www.imdb.com/name/nm4125822/?ref_=tt_cl_t_9
Scott Cooper,https://www.imdb.com/name/nm10618287/?ref_=tt_cl_t_10
Cedric Gegel,https://www.imdb.com/name/nm7391561/?ref_=tt_cl_t_1
Andrea Zenovia,https://www.imdb.com/name/nm8862672/?ref_=tt_cl_t_2
Charlotte Ferrato,https://www.imdb.com/name/nm10334462/?ref_=tt_cl_t_1
Stephane Muller,https://www.imdb.com/name/nm10334464/?ref_=tt_cl_t_2
Julia-Myriam Sadel,https://www.imdb.com/name/nm7841536/?ref_=tt_cl_t_3
Pedro Nercessian,https://www.imdb.com/name/nm1596357/?ref_=tt_cl_t_1
Vii Albuquerque,https://www.imdb.com/name/nm11697971/?ref_=tt_cl_t_2
Ze Vitor Antunes,https://www.imdb.com/name/nm11697965/?ref_=tt_cl_t_3
Dany Azevedo,https://www.imdb.com/name/nm11697969/?ref_=tt_cl_t_4
Kaique Bastos,https://www.imdb.com/name/nm10632828/?ref_=tt_cl_t_5
Faby,https://www.imdb.com/name/nm11697974/?ref_=tt_cl_t_6
Wally Felix,https://www.imdb.com/name/nm11697973/?ref_=tt_cl_t_7
Daniele Fonseca,https://www.imdb.com/name/nm11697968/?ref_=tt_cl_t_8
Hugo Lobo,https://www.imdb.com/name/nm6647452/?ref_=tt_cl_t_9
Arthur Martins,https://www.imdb.com/name/nm7651041/?ref_=tt_cl_t_10
Irina Hall,https://www.imdb.com/name/nm7705020/?ref_=tt_cl_t_1
Lucy Carlyle,https://www.imdb.com/name/nm10190522/?ref_=tt_cl_t_2
Grayson Velez,https://www.imdb.com/name/nm10899195/?ref_=tt_cl_t_3
Greg Patten,https://www.imdb.com/name/nm10899196/?ref_=tt_cl_t_4
Lisa Patterson,https://www.imdb.com/name/nm10899214/?ref_=tt_cl_t_5
Samone Pittman,https://www.imdb.com/name/nm8313964/?ref_=tt_cl_t_6
Cedric Allen,https://www.imdb.com/name/nm11677328/?ref_=tt_cl_t_7
T.J. Alvarado,https://www.imdb.com/name/nm11800917/?ref_=tt_cl_t_8
Bailey Batten,https://www.imdb.com/name/nm11677338/?ref_=tt_cl_t_9
Chloe Camp,https://www.imdb.com/name/nm11677330/?ref_=tt_cl_t_10
Vincent Caprio,https://www.imdb.com/name/nm9962864/?ref_=tt_cl_t_1
Natalie Welds,https://www.imdb.com/name/nm2803893/?ref_=tt_cl_t_2
Bernardo Tiaba,https://www.imdb.com/name/nm8282775/?ref_=tt_cl_t_3
Brett Puglisi,https://www.imdb.com/name/nm10162659/?ref_=tt_cl_t_4
Tash Jordan,https://www.imdb.com/name/nm10637647/?ref_=tt_cl_t_5
Cecilia Cereijido-Bloche,https://www.imdb.com/name/nm9984218/?ref_=tt_cl_t_6
Eddie Liriano,https://www.imdb.com/name/nm10637648/?ref_=tt_cl_t_7
Mario Aguila,https://www.imdb.com/name/nm10637649/?ref_=tt_cl_t_8
Evan Jackewicz,https://www.imdb.com/name/nm10231358/?ref_=tt_cl_t_9
Jazz Jackish,https://www.imdb.com/name/nm9799131/?ref_=tt_cl_t_10
Yi Liu,https://www.imdb.com/name/nm3815162/?ref_=tt_cl_t_1
Leo Wang,https://www.imdb.com/name/nm10642757/?ref_=tt_cl_t_2
Trilby Glover,https://www.imdb.com/name/nm1927763/?ref_=tt_cl_t_1
Josh Server,https://www.imdb.com/name/nm0785805/?ref_=tt_cl_t_2
Gabrielle Stone,https://www.imdb.com/name/nm2740647/?ref_=tt_cl_t_3
Travis Winfrey,https://www.imdb.com/name/nm2228560/?ref_=tt_cl_t_4
Gabriella Ortiz,https://www.imdb.com/name/nm6142740/?ref_=tt_cl_t_5
Laura Aleman,https://www.imdb.com/name/nm3546902/?ref_=tt_cl_t_6
Jacinte Blankenship,https://www.imdb.com/name/nm2715450/?ref_=tt_cl_t_7
Beejan Land,https://www.imdb.com/name/nm1371622/?ref_=tt_cl_t_8
Peter Murphy,https://www.imdb.com/name/nm3618576/?ref_=tt_cl_t_9
Tim De La Motte,https://www.imdb.com/name/nm8486953/?ref_=tt_cl_t_10
Emmanuel Bilodeau,https://www.imdb.com/name/nm0082636/?ref_=tt_cl_t_1
Lilou Roy-Lanouette,https://www.imdb.com/name/nm11062162/?ref_=tt_cl_t_2
Marcel Sabourin,https://www.imdb.com/name/nm0754889/?ref_=tt_cl_t_3
Louise Portal,https://www.imdb.com/name/nm0691925/?ref_=tt_cl_t_4
Olivier Aubin,https://www.imdb.com/name/nm1152485/?ref_=tt_cl_t_5
Martin Dubreuil,https://www.imdb.com/name/nm0239575/?ref_=tt_cl_t_6
Jesse Holcomb,https://www.imdb.com/name/nm2294655/?ref_=tt_cl_t_1
Brent Roberts,https://www.imdb.com/name/nm2857828/?ref_=tt_cl_t_2
Angie Sarkisyan,https://www.imdb.com/name/nm9490222/?ref_=tt_cl_t_3
Indra Diana Amador López,https://www.imdb.com/name/nm10657317/?ref_=tt_cl_t_1
Elisa López,https://www.imdb.com/name/nm10657326/?ref_=tt_cl_t_2
Indra Villaseñor Amador,https://www.imdb.com/name/nm10657325/?ref_=tt_cl_t_3
Vilma Kutaviciute,https://www.imdb.com/name/nm4281463/?ref_=tt_cl_t_1
Iris Lebedeva,https://www.imdb.com/name/nm5531598/?ref_=tt_cl_t_2
Petar Zekavica,https://www.imdb.com/name/nm2602445/?ref_=tt_cl_t_3
Liza Del Sierra,https://www.imdb.com/name/nm2377131/?ref_=tt_cl_t_1
Léa Rougeron,https://www.imdb.com/name/nm4584029/?ref_=tt_cl_t_2
Luc Schwarz,https://www.imdb.com/name/nm2835834/?ref_=tt_cl_t_3
Nina Lopata,https://www.imdb.com/name/nm5017385/?ref_=tt_cl_t_4
Tobias Nuytten-Vialle,https://www.imdb.com/name/nm2671526/?ref_=tt_cl_t_5
Vincent Leprette,https://www.imdb.com/name/nm8638882/?ref_=tt_cl_t_6
Jean-Baptiste Ganga,https://www.imdb.com/name/nm11093787/?ref_=tt_cl_t_7
Johnny Fontane,https://www.imdb.com/name/nm0347342/?ref_=tt_cl_t_1
Kelly McNamara,https://www.imdb.com/name/nm4564604/?ref_=tt_cl_t_2
Fabiano Iha,https://www.imdb.com/name/nm2055855/?ref_=tt_cl_t_3
Nika Balina,https://www.imdb.com/name/nm8558090/?ref_=tt_cl_t_4
Talia Martin,https://www.imdb.com/name/nm8776897/?ref_=tt_cl_t_5
Rome Romanne,https://www.imdb.com/name/nm2586628/?ref_=tt_cl_t_6
Jataun Gilbert,https://www.imdb.com/name/nm10041121/?ref_=tt_cl_t_7
Hilary Elizondu,https://www.imdb.com/name/nm10671467/?ref_=tt_cl_t_8
Karin Karepetyan,https://www.imdb.com/name/nm10686954/?ref_=tt_cl_t_9
Komalpreet Batth,https://www.imdb.com/name/nm9854312/?ref_=tt_cl_t_10
George Jac,https://www.imdb.com/name/nm4248382/?ref_=tt_cl_t_1
Jade Kaiser,https://www.imdb.com/name/nm8317935/?ref_=tt_cl_t_2
Diane Sargent,https://www.imdb.com/name/nm5043683/?ref_=tt_cl_t_3
Noor Razooky,https://www.imdb.com/name/nm4995217/?ref_=tt_cl_t_4
Brian Patrick Butler,https://www.imdb.com/name/nm6021232/?ref_=tt_cl_t_5
Luke Anthony Pensabene,https://www.imdb.com/name/nm5903887/?ref_=tt_cl_t_6
Tony Gorodeckas,https://www.imdb.com/name/nm1129964/?ref_=tt_cl_t_7
Rubi Aceituno,https://www.imdb.com/name/nm10682248/?ref_=tt_cl_t_8
Lou Acosta,https://www.imdb.com/name/nm10682244/?ref_=tt_cl_t_9
Jamie Belin,https://www.imdb.com/name/nm10682246/?ref_=tt_cl_t_10
Jonathan Elias Weiske,https://www.imdb.com/name/nm2416418/?ref_=tt_cl_t_1
Kevin Niegot,https://www.imdb.com/name/nm2694493/?ref_=tt_cl_t_2
Jill Weller,https://www.imdb.com/name/nm3576094/?ref_=tt_cl_t_3
Svetlana Belesova,https://www.imdb.com/name/nm7811634/?ref_=tt_cl_t_4
Holger Haas,https://www.imdb.com/name/nm10053873/?ref_=tt_cl_t_5
Anja Mentzendorff,https://www.imdb.com/name/nm11199201/?ref_=tt_cl_t_6
Norbert Meier,https://www.imdb.com/name/nm5670791/?ref_=tt_cl_t_7
Andreia Ribeiro,https://www.imdb.com/name/nm8506545/?ref_=tt_cl_t_1
Margaux Billard,https://www.imdb.com/name/nm4951571/?ref_=tt_cl_t_2
Angelina Maud,https://www.imdb.com/name/nm10690254/?ref_=tt_cl_t_3
José Ponce,https://www.imdb.com/name/nm4514001/?ref_=tt_cl_t_4
Anne Ducat,https://www.imdb.com/name/nm8850793/?ref_=tt_cl_t_5
Carole Extermann,https://www.imdb.com/name/nm10690255/?ref_=tt_cl_t_6
Adrian Filip,https://www.imdb.com/name/nm4921116/?ref_=tt_cl_t_7
Pierre Vaucher,https://www.imdb.com/name/nm1789695/?ref_=tt_cl_t_8
Alexandre Bilardo,https://www.imdb.com/name/nm2521155/?ref_=tt_cl_t_9
AnnaMarie Brown,https://www.imdb.com/name/nm4448494/?ref_=tt_cl_t_1
Joshua T. Crockett,https://www.imdb.com/name/nm8967382/?ref_=tt_cl_t_2
Henry Dolberry Sr.,https://www.imdb.com/name/nm9472533/?ref_=tt_cl_t_3
Marquis Ransom,https://www.imdb.com/name/nm7510010/?ref_=tt_cl_t_4
David Elliot,https://www.imdb.com/name/nm2707511/?ref_=tt_cl_t_1
Rian Gordon,https://www.imdb.com/name/nm6226543/?ref_=tt_cl_t_2
Alan Mandel,https://www.imdb.com/name/nm4504286/?ref_=tt_cl_t_3
Bahar Beihaghi,https://www.imdb.com/name/nm9839040/?ref_=tt_cl_t_1
Neimah Djourabchi,https://www.imdb.com/name/nm2680952/?ref_=tt_cl_t_2
Alexandra Kyle,https://www.imdb.com/name/nm0477363/?ref_=tt_cl_t_1
Abigail 'Paris' Moore,https://www.imdb.com/name/nm2327807/?ref_=tt_cl_t_2
Terryn Westbrook,https://www.imdb.com/name/nm1382044/?ref_=tt_cl_t_3
Sonya Eddy,https://www.imdb.com/name/nm0248913/?ref_=tt_cl_t_1
GloZell Green,https://www.imdb.com/name/nm3941817/?ref_=tt_cl_t_2
Becki Dennis,https://www.imdb.com/name/nm4119820/?ref_=tt_cl_t_3
Lita Lopez,https://www.imdb.com/name/nm1143954/?ref_=tt_cl_t_5
Danny Gonzalez,https://www.imdb.com/name/nm5579527/?ref_=tt_cl_t_6
John Logan,https://www.imdb.com/name/nm4606409/?ref_=tt_cl_t_7
Hallie York,https://www.imdb.com/name/nm4125389/?ref_=tt_cl_t_8
Eric Flores,https://www.imdb.com/name/nm10771754/?ref_=tt_cl_t_9
Rich Liccardo,https://www.imdb.com/name/nm8209679/?ref_=tt_cl_t_10
Emelie Dahlskog,https://www.imdb.com/name/nm6871850/?ref_=tt_cl_t_1
Joel Ström,https://www.imdb.com/name/nm8198521/?ref_=tt_cl_t_2
Sunny Chen,https://www.imdb.com/name/nm7529260/?ref_=tt_cl_t_1
Odessa Shuquaya,https://www.imdb.com/name/nm2477831/?ref_=tt_cl_t_2
Simon Chin,https://www.imdb.com/name/nm1777809/?ref_=tt_cl_t_3
Grace Chin,https://www.imdb.com/name/nm1438956/?ref_=tt_cl_t_4
Caroline Chan,https://www.imdb.com/name/nm1775716/?ref_=tt_cl_t_5
Sharmaine Yeoh,https://www.imdb.com/name/nm2831588/?ref_=tt_cl_t_6
Genevieve Soo,https://www.imdb.com/name/nm10490363/?ref_=tt_cl_t_7
Amirreza Ranjbaran,https://www.imdb.com/name/nm7922716/?ref_=tt_cl_t_1
Sina Fouladvari,https://www.imdb.com/name/nm12401848/?ref_=tt_cl_t_2
Hootan Parsi,https://www.imdb.com/name/nm10437197/?ref_=tt_cl_t_3
Navid Bani,https://www.imdb.com/name/nm10039196/?ref_=tt_cl_t_4
Mehdi Mehrabi,https://www.imdb.com/name/nm7973900/?ref_=tt_cl_t_5
Zahra Oloumi,https://www.imdb.com/name/nm12826093/?ref_=tt_cl_t_6
Amir Pouya Ghasemi,https://www.imdb.com/name/nm12826097/?ref_=tt_cl_t_7
Mehdi Pileh Var,https://www.imdb.com/name/nm12826098/?ref_=tt_cl_t_8
Mobina Eyvazi,https://www.imdb.com/name/nm10687619/?ref_=tt_cl_t_9
Matthew Jacob,https://www.imdb.com/name/nm10383478/?ref_=tt_cl_t_1
Jasmine Fontes,https://www.imdb.com/name/nm5460105/?ref_=tt_cl_t_2
Alistair McKenzie,https://www.imdb.com/name/nm1436561/?ref_=tt_cl_t_3
Claudia Wit,https://www.imdb.com/name/nm2615225/?ref_=tt_cl_t_4
Scott F. Evans,https://www.imdb.com/name/nm1939279/?ref_=tt_cl_t_5
Lyz Tory,https://www.imdb.com/name/nm3494344/?ref_=tt_cl_t_6
Rick Lengua,https://www.imdb.com/name/nm9577155/?ref_=tt_cl_t_7
Elisa Vazquez,https://www.imdb.com/name/nm10781431/?ref_=tt_cl_t_8
Sam Shafiz,https://www.imdb.com/name/nm10903591/?ref_=tt_cl_t_9
Emiliano Lopez,https://www.imdb.com/name/nm10903592/?ref_=tt_cl_t_10
Mbulelo Grootboom,https://www.imdb.com/name/nm2845104/?ref_=tt_cl_t_1
Masego Naledi,https://www.imdb.com/name/nm10707445/?ref_=tt_cl_t_2
Noluthando Ndlovu,https://www.imdb.com/name/nm10707444/?ref_=tt_cl_t_3
Maya Robinson,https://www.imdb.com/name/nm8162352/?ref_=tt_cl_t_1
Scott Johnson,https://www.imdb.com/name/nm1480260/?ref_=tt_cl_t_2
Melanie Zanetti,https://www.imdb.com/name/nm3148372/?ref_=tt_cl_t_3
Scarlett Dorrington,https://www.imdb.com/name/nm9303986/?ref_=tt_cl_t_4
Nathalie Santillana,https://www.imdb.com/name/nm14120080/?ref_=tt_cl_t_5
Caroline Bloom,https://www.imdb.com/name/nm3364473/?ref_=tt_cl_t_1
Faith Bryant,https://www.imdb.com/name/nm10711123/?ref_=tt_cl_t_2
Chandler Dean,https://www.imdb.com/name/nm10201290/?ref_=tt_cl_t_3
Sheila Houlahan,https://www.imdb.com/name/nm8369559/?ref_=tt_cl_t_4
Michael Hyland,https://www.imdb.com/name/nm0405094/?ref_=tt_cl_t_5
Joziah Lagonoy,https://www.imdb.com/name/nm9087863/?ref_=tt_cl_t_6
Zack Radvansky,https://www.imdb.com/name/nm3982034/?ref_=tt_cl_t_7
James Allodi,https://www.imdb.com/name/nm0021548/?ref_=tt_cl_t_1
Gregory Waters,https://www.imdb.com/name/nm9282738/?ref_=tt_cl_t_2
Jacqueline Ambrosia,https://www.imdb.com/name/nm5446967/?ref_=tt_cl_t_1
James Thorne,https://www.imdb.com/name/nm10716952/?ref_=tt_cl_t_2
Léane Labrèche-Dor,https://www.imdb.com/name/nm5899852/?ref_=tt_cl_t_1
Emmanuel Schwartz,https://www.imdb.com/name/nm2091680/?ref_=tt_cl_t_2
Megan Tremethick,https://www.imdb.com/name/nm7459010/?ref_=tt_cl_t_1
Emily Knutsson,https://www.imdb.com/name/nm12621897/?ref_=tt_cl_t_2
Michael Daviot,https://www.imdb.com/name/nm5072460/?ref_=tt_cl_t_3
Michael Brewster,https://www.imdb.com/name/nm6292370/?ref_=tt_cl_t_4
Craig J. Seath,https://www.imdb.com/name/nm4673024/?ref_=tt_cl_t_5
Ciera Angelia,https://www.imdb.com/name/nm4715711/?ref_=tt_cl_t_1
Juhahn Jones,https://www.imdb.com/name/nm2888331/?ref_=tt_cl_t_2
Alex Grant,https://www.imdb.com/name/nm1521334/?ref_=tt_cl_t_3
Matt Huston,https://www.imdb.com/name/nm4517408/?ref_=tt_cl_t_4
Tchindalo Aloise,https://www.imdb.com/name/nm9747270/?ref_=tt_cl_t_5
Jennifer Marie,https://www.imdb.com/name/nm7343820/?ref_=tt_cl_t_6
Isadora Ortega,https://www.imdb.com/name/nm2343609/?ref_=tt_cl_t_7
Roisin Gallagher,https://www.imdb.com/name/nm3481069/?ref_=tt_cl_t_1
Martin McCann,https://www.imdb.com/name/nm0564901/?ref_=tt_cl_t_2
Daniel Willis,https://www.imdb.com/name/nm8573409/?ref_=tt_cl_t_3
Tara Lynne O'Neill,https://www.imdb.com/name/nm0642321/?ref_=tt_cl_t_4
Tracey Lynch,https://www.imdb.com/name/nm0528484/?ref_=tt_cl_t_5
Sean Kearns,https://www.imdb.com/name/nm0444036/?ref_=tt_cl_t_6
Darcey McNeeley,https://www.imdb.com/name/nm9706775/?ref_=tt_cl_t_7
Seamus O'Hara,https://www.imdb.com/name/nm5339108/?ref_=tt_cl_t_8
Claire Kieran McGrogan,https://www.imdb.com/name/nm10734440/?ref_=tt_cl_t_9
Anna Gamburg,https://www.imdb.com/name/nm7692863/?ref_=tt_cl_t_1
Wolfgang Löwenherz,https://www.imdb.com/name/nm9234443/?ref_=tt_cl_t_2
Ilona Raytman,https://www.imdb.com/name/nm9465157/?ref_=tt_cl_t_3
Annie Golden,https://www.imdb.com/name/nm0325390/?ref_=tt_cl_t_1
Danielle Burgess,https://www.imdb.com/name/nm5321891/?ref_=tt_cl_t_2
Anna Russell,https://www.imdb.com/name/nm5009233/?ref_=tt_cl_t_3
Olan Montgomery,https://www.imdb.com/name/nm3873681/?ref_=tt_cl_t_4
Anastasia Veronica Lee,https://www.imdb.com/name/nm3845298/?ref_=tt_cl_t_5
Nikiya Mathis,https://www.imdb.com/name/nm2507405/?ref_=tt_cl_t_6
Eduard Adam,https://www.imdb.com/name/nm7259476/?ref_=tt_cl_t_1
Monica Davidescu,https://www.imdb.com/name/nm1472427/?ref_=tt_cl_t_2
Rodica Popescu Bitanescu,https://www.imdb.com/name/nm0691216/?ref_=tt_cl_t_3
Aurelian Temisan,https://www.imdb.com/name/nm0854600/?ref_=tt_cl_t_4
Tomiwa Edun,https://www.imdb.com/name/nm3643989/?ref_=tt_cl_t_1
Jane Slavin,https://www.imdb.com/name/nm0805583/?ref_=tt_cl_t_2
Charlotte Hamblin,https://www.imdb.com/name/nm5921359/?ref_=tt_cl_t_3
Oscar Dyekjær Giese,https://www.imdb.com/name/nm5489327/?ref_=tt_cl_t_1
Lucas Lynggaard,https://www.imdb.com/name/nm5455622/?ref_=tt_cl_t_2
Karoline Hamm,https://www.imdb.com/name/nm6531488/?ref_=tt_cl_t_3
Kasper Løfvall Stensbirk,https://www.imdb.com/name/nm7146328/?ref_=tt_cl_t_4
Stefan Crepon,https://www.imdb.com/name/nm9729717/?ref_=tt_cl_t_1
François Creton,https://www.imdb.com/name/nm0187648/?ref_=tt_cl_t_2
Marie Desgranges,https://www.imdb.com/name/nm0221159/?ref_=tt_cl_t_3
Kassem Al Khoja,https://www.imdb.com/name/nm10213730/?ref_=tt_cl_t_4
Adèle Journeaux,https://www.imdb.com/name/nm10828552/?ref_=tt_cl_t_5
Lucas Borzykoswski,https://www.imdb.com/name/nm4449551/?ref_=tt_cl_t_6
Lucas Mortier,https://www.imdb.com/name/nm10334017/?ref_=tt_cl_t_7
Dalia Naous,https://www.imdb.com/name/nm10534919/?ref_=tt_cl_t_8
Ali Bagheri,https://www.imdb.com/name/nm5516247/?ref_=tt_cl_t_1
Behzad Dorani,https://www.imdb.com/name/nm0235426/?ref_=tt_cl_t_2
Amir Janani,https://www.imdb.com/name/nm8826316/?ref_=tt_cl_t_3
Luis Bordonada,https://www.imdb.com/name/nm3287985/?ref_=tt_cl_t_1
Esther Salas,https://www.imdb.com/name/nm8398155/?ref_=tt_cl_t_2
Bernardo Saracino,https://www.imdb.com/name/nm3229268/?ref_=tt_cl_t_3
Jannelle Rosalia Gallegos,https://www.imdb.com/name/nm12522109/?ref_=tt_cl_t_4
Mac Granger,https://www.imdb.com/name/nm10762535/?ref_=tt_cl_t_5
Hector Colunga,https://www.imdb.com/name/nm10765054/?ref_=tt_cl_t_6
Royce Leii,https://www.imdb.com/name/nm8819051/?ref_=tt_cl_t_7
Pooky Quesnel,https://www.imdb.com/name/nm0703342/?ref_=tt_cl_t_1
Jonnie Hurn,https://www.imdb.com/name/nm1398174/?ref_=tt_cl_t_2
Sebastian Street,https://www.imdb.com/name/nm2374864/?ref_=tt_cl_t_3
Ian Manson,https://www.imdb.com/name/nm4044914/?ref_=tt_cl_t_4
Louis Holland,https://www.imdb.com/name/nm11902562/?ref_=tt_cl_t_5
Dale Curran,https://www.imdb.com/name/nm11903052/?ref_=tt_cl_t_6
David Fensom,https://www.imdb.com/name/nm11903158/?ref_=tt_cl_t_7
Charlie Hancock,https://www.imdb.com/name/nm11902589/?ref_=tt_cl_t_8
Pam Coningsby,https://www.imdb.com/name/nm11903053/?ref_=tt_cl_t_9
Joshua Marshall,https://www.imdb.com/name/nm11903051/?ref_=tt_cl_t_10
Acadia Colan,https://www.imdb.com/name/nm8324516/?ref_=tt_cl_t_1
Christopher Bencomo,https://www.imdb.com/name/nm3703126/?ref_=tt_cl_t_2
Eva Coleman,https://www.imdb.com/name/nm7082183/?ref_=tt_cl_t_3
Akira Jackson,https://www.imdb.com/name/nm7834988/?ref_=tt_cl_t_4
Anastasia Mirabelle,https://www.imdb.com/name/nm9129160/?ref_=tt_cl_t_5
Toni Murdock,https://www.imdb.com/name/nm9903407/?ref_=tt_cl_t_6
Félixe De Becker,https://www.imdb.com/name/nm4336356/?ref_=tt_cl_t_1
Danny Dolan,https://www.imdb.com/name/nm2318642/?ref_=tt_cl_t_2
Nathaniel Bryant,https://www.imdb.com/name/nm12243219/?ref_=tt_cl_t_1
Buddy Caine,https://www.imdb.com/name/nm9810855/?ref_=tt_cl_t_2
Tracey Carnazzo,https://www.imdb.com/name/nm9843802/?ref_=tt_cl_t_3
Jocelyne Cordero,https://www.imdb.com/name/nm7610083/?ref_=tt_cl_t_4
Wesley Gonzalez,https://www.imdb.com/name/nm12233781/?ref_=tt_cl_t_5
Artie Gray,https://www.imdb.com/name/nm12246464/?ref_=tt_cl_t_6
Dan Herzog,https://www.imdb.com/name/nm12071998/?ref_=tt_cl_t_7
Marcie Herzog,https://www.imdb.com/name/nm12248200/?ref_=tt_cl_t_8
Mark Herzog,https://www.imdb.com/name/nm12071999/?ref_=tt_cl_t_9
Matthew Herzog,https://www.imdb.com/name/nm12243314/?ref_=tt_cl_t_10
Ava Torres,https://www.imdb.com/name/nm10746258/?ref_=tt_cl_t_1
Jeff Perkins,https://www.imdb.com/name/nm10094586/?ref_=tt_cl_t_2
Teddy Eggleston,https://www.imdb.com/name/nm8222503/?ref_=tt_cl_t_3
Deshja Driggs,https://www.imdb.com/name/nm0237911/?ref_=tt_cl_t_4
Maximus Silva,https://www.imdb.com/name/nm10990481/?ref_=tt_cl_t_5
Kgalalelo Mfokazane,https://www.imdb.com/name/nm12427185/?ref_=tt_cl_t_1
Sindi Montsho,https://www.imdb.com/name/nm12427186/?ref_=tt_cl_t_2
Thishiwe Ziqubu,https://www.imdb.com/name/nm5701055/?ref_=tt_cl_t_3
J.T. Melaragno,https://www.imdb.com/name/nm9944167/?ref_=tt_cl_t_1
Lily Bathory,https://www.imdb.com/name/nm12904768/?ref_=tt_cl_t_2
Christopher James Taylor,https://www.imdb.com/name/nm12580581/?ref_=tt_cl_t_3
Zach Mund,https://www.imdb.com/name/nm12904769/?ref_=tt_cl_t_4
Scott Croushore,https://www.imdb.com/name/nm6612211/?ref_=tt_cl_t_5
Jeannene Orofino,https://www.imdb.com/name/nm1574450/?ref_=tt_cl_t_6
Geneva Meyer,https://www.imdb.com/name/nm12887912/?ref_=tt_cl_t_7
Debbie Soelter,https://www.imdb.com/name/nm11987432/?ref_=tt_cl_t_8
Kristina Gilday,https://www.imdb.com/name/nm12887915/?ref_=tt_cl_t_9
Caitlin Dempsey,https://www.imdb.com/name/nm12904770/?ref_=tt_cl_t_10
Shanice Baeier,https://www.imdb.com/name/nm8729086/?ref_=tt_cl_t_1
Jenn Kirk,https://www.imdb.com/name/nm6168143/?ref_=tt_cl_t_1
Alexandr Borecky,https://www.imdb.com/name/nm8879254/?ref_=tt_cl_t_2
Lukas Labuda,https://www.imdb.com/name/nm11319657/?ref_=tt_cl_t_3
J. Skrivanek,https://www.imdb.com/name/nm10926139/?ref_=tt_cl_t_4
David Jablonski,https://www.imdb.com/name/nm11708254/?ref_=tt_cl_t_5
Mir Afsar Ali,https://www.imdb.com/name/nm4433883/?ref_=tt_cl_t_1
Devlina Kumar,https://www.imdb.com/name/nm10112209/?ref_=tt_cl_t_2
Bidyut Roy Choudhury,https://www.imdb.com/name/nm4456882/?ref_=tt_cl_t_3
Pallab Mishra,https://www.imdb.com/name/nm12486892/?ref_=tt_cl_t_4
Lewis Edwards,https://www.imdb.com/name/nm7485183/?ref_=tt_cl_t_1
Rochelle Emanuel-Smith,https://www.imdb.com/name/nm4925459/?ref_=tt_cl_t_2
Damian Foley,https://www.imdb.com/name/nm3040596/?ref_=tt_cl_t_3
Sarah Greenwood,https://www.imdb.com/name/nm8580943/?ref_=tt_cl_t_4
Courtney Henri,https://www.imdb.com/name/nm13259882/?ref_=tt_cl_t_5
Sean Roberts Metcalfe,https://www.imdb.com/name/nm8300995/?ref_=tt_cl_t_6
Andrew Nowrojee,https://www.imdb.com/name/nm6616114/?ref_=tt_cl_t_7
Tom Scantlebury,https://www.imdb.com/name/nm10777844/?ref_=tt_cl_t_8
Alexander Elliot,https://www.imdb.com/name/nm10721835/?ref_=tt_cl_t_1
Morgan David Jones,https://www.imdb.com/name/nm2290151/?ref_=tt_cl_t_2
Daniella Forget,https://www.imdb.com/name/nm3556593/?ref_=tt_cl_t_3
Matt Dawson,https://www.imdb.com/name/nm3260755/?ref_=tt_cl_t_4
Ethan Hwang,https://www.imdb.com/name/nm8831356/?ref_=tt_cl_t_5
William Foley,https://www.imdb.com/name/nm1807034/?ref_=tt_cl_t_6
Kassidy Silverberg,https://www.imdb.com/name/nm7727601/?ref_=tt_cl_t_7
Simon Pirso,https://www.imdb.com/name/nm9378043/?ref_=tt_cl_t_8
Barbara de la Fuente,https://www.imdb.com/name/nm2557692/?ref_=tt_cl_t_9
Ayla Parsons,https://www.imdb.com/name/nm3908809/?ref_=tt_cl_t_1
Steven Lane,https://www.imdb.com/name/nm3346778/?ref_=tt_cl_t_2
Rachael Thompson,https://www.imdb.com/name/nm2621272/?ref_=tt_cl_t_3
Jamie Robson,https://www.imdb.com/name/nm8494103/?ref_=tt_cl_t_1
Courtney Hart,https://www.imdb.com/name/nm10972346/?ref_=tt_cl_t_1
Steve Archer,https://www.imdb.com/name/nm9820664/?ref_=tt_cl_t_2
Chandra Michaels,https://www.imdb.com/name/nm5063548/?ref_=tt_cl_t_3
Jennifer Cudahy,https://www.imdb.com/name/nm6341665/?ref_=tt_cl_t_4
Renee Lockett,https://www.imdb.com/name/nm9502493/?ref_=tt_cl_t_5
Keisha Champagne,https://www.imdb.com/name/nm8498004/?ref_=tt_cl_t_6
Amber Engler,https://www.imdb.com/name/nm10932948/?ref_=tt_cl_t_7
Katharin 'Ladie K' Mraz,https://www.imdb.com/name/nm3284397/?ref_=tt_cl_t_8
Corrine Ashley,https://www.imdb.com/name/nm10932447/?ref_=tt_cl_t_9
Brian C. McAuliffe,https://www.imdb.com/name/nm4784446/?ref_=tt_cl_t_10
Ashley Johnson,https://www.imdb.com/name/nm3839927/?ref_=tt_cl_t_1
Adrian Zeigler,https://www.imdb.com/name/nm4730557/?ref_=tt_cl_t_2
Sean Alexander James,https://www.imdb.com/name/nm4970618/?ref_=tt_cl_t_3
Jesse Townes,https://www.imdb.com/name/nm6675702/?ref_=tt_cl_t_4
Melanie Thompson,https://www.imdb.com/name/nm4216897/?ref_=tt_cl_t_5
Nicole Peplinski,https://www.imdb.com/name/nm2624734/?ref_=tt_cl_t_6
Darmirra Brunson,https://www.imdb.com/name/nm1599793/?ref_=tt_cl_t_7
Frank Lyon,https://www.imdb.com/name/nm4656961/?ref_=tt_cl_t_8
JoAnna de Castro,https://www.imdb.com/name/nm6909052/?ref_=tt_cl_t_9
Estella Henderson,https://www.imdb.com/name/nm8457419/?ref_=tt_cl_t_10
Trudy Poux,https://www.imdb.com/name/nm12102604/?ref_=tt_cl_t_1
Piper Levine,https://www.imdb.com/name/nm12102605/?ref_=tt_cl_t_2
Ryan Shuck,https://www.imdb.com/name/nm0795569/?ref_=tt_cl_t_1
Austin Gold,https://www.imdb.com/name/nm7802919/?ref_=tt_cl_t_2
Jaime Bennington,https://www.imdb.com/name/nm8462023/?ref_=tt_cl_t_3
Caitlyn Youngblood,https://www.imdb.com/name/nm12193359/?ref_=tt_cl_t_4
David Demson,https://www.imdb.com/name/nm12275126/?ref_=tt_cl_t_5
Aaron Ford,https://www.imdb.com/name/nm12275125/?ref_=tt_cl_t_6
Dylan Dougherty,https://www.imdb.com/name/nm12275129/?ref_=tt_cl_t_7
Michael Bruce,https://www.imdb.com/name/nm12275127/?ref_=tt_cl_t_8
Ethan Sinclair,https://www.imdb.com/name/nm12275128/?ref_=tt_cl_t_9
Julianna Kurokawa,https://www.imdb.com/name/nm8200751/?ref_=tt_cl_t_1
Yinka Awoni,https://www.imdb.com/name/nm7141338/?ref_=tt_cl_t_2
Tolu Stedford,https://www.imdb.com/name/nm8452776/?ref_=tt_cl_t_3
Fiona McGee,https://www.imdb.com/name/nm2965034/?ref_=tt_cl_t_4
Philip Quinton,https://www.imdb.com/name/nm4308474/?ref_=tt_cl_t_5
Jess Collett,https://www.imdb.com/name/nm3313363/?ref_=tt_cl_t_6
Kiriem Bello,https://www.imdb.com/name/nm10681450/?ref_=tt_cl_t_7
Alex Ferguson-Powell,https://www.imdb.com/name/nm12335030/?ref_=tt_cl_t_8
Rotimi Bello,https://www.imdb.com/name/nm12335020/?ref_=tt_cl_t_9
Adenike Taiwo,https://www.imdb.com/name/nm12335019/?ref_=tt_cl_t_10
Mark Derwin,https://www.imdb.com/name/nm0220711/?ref_=tt_cl_t_1
Seamus Dever,https://www.imdb.com/name/nm0222336/?ref_=tt_cl_t_2
Dana Gourrier,https://www.imdb.com/name/nm4158239/?ref_=tt_cl_t_3
Monica Howard,https://www.imdb.com/name/nm10756641/?ref_=tt_cl_t_4
Vee Kumari,https://www.imdb.com/name/nm4589001/?ref_=tt_cl_t_5
Sarah Lilly,https://www.imdb.com/name/nm0510469/?ref_=tt_cl_t_6
Parminder Nagra,https://www.imdb.com/name/nm0619406/?ref_=tt_cl_t_7
Ryan Sadaghiani,https://www.imdb.com/name/nm6805539/?ref_=tt_cl_t_8
Malcolm J West,https://www.imdb.com/name/nm7092025/?ref_=tt_cl_t_1
Meg Savlov,https://www.imdb.com/name/nm0767837/?ref_=tt_cl_t_2
Colin Conway,https://www.imdb.com/name/nm9971195/?ref_=tt_cl_t_3
Katelyn Jones,https://www.imdb.com/name/nm9742430/?ref_=tt_cl_t_4
Melanie Stagner,https://www.imdb.com/name/nm8374012/?ref_=tt_cl_t_5
Joanne Mitchell,https://www.imdb.com/name/nm0593449/?ref_=tt_cl_t_1
Payal Mistry,https://www.imdb.com/name/nm10925512/?ref_=tt_cl_t_2
Leah Baskaran,https://www.imdb.com/name/nm6301687/?ref_=tt_cl_t_3
Neerja Sethi,https://www.imdb.com/name/nm9149839/?ref_=tt_cl_t_4
Kelsey Openshaw,https://www.imdb.com/name/nm10942694/?ref_=tt_cl_t_5
Liam Scholes,https://www.imdb.com/name/nm10190617/?ref_=tt_cl_t_6
Andrea Ashworth,https://www.imdb.com/name/nm10952538/?ref_=tt_cl_t_7
Stuart Ashworth,https://www.imdb.com/name/nm9734587/?ref_=tt_cl_t_8
Tara Delaney,https://www.imdb.com/name/nm4964265/?ref_=tt_cl_t_9
Roger McIntosh,https://www.imdb.com/name/nm1185675/?ref_=tt_cl_t_10
Jake Holley,https://www.imdb.com/name/nm9979526/?ref_=tt_cl_t_1
Jaclyn Jasgur,https://www.imdb.com/name/nm7516787/?ref_=tt_cl_t_2
Julian von Nagel,https://www.imdb.com/name/nm7414614/?ref_=tt_cl_t_3
Maria Margaret Wilson,https://www.imdb.com/name/nm5958716/?ref_=tt_cl_t_4
Devin Lee White,https://www.imdb.com/name/nm6751991/?ref_=tt_cl_t_1
Patric James Callahan,https://www.imdb.com/name/nm9501053/?ref_=tt_cl_t_2
James Ciskanik,https://www.imdb.com/name/nm7192999/?ref_=tt_cl_t_1
Cheray O'Neal,https://www.imdb.com/name/nm0641886/?ref_=tt_cl_t_2
JJ Obee,https://www.imdb.com/name/nm9332631/?ref_=tt_cl_t_3
