titulo,puntuacion
Tötet nicht mehr,No existe puntuacion
Alita: Battle Angel,Valoración: 62%
Danger Close: The Battle of Long Tan,71%
Shazam!,90%
Aporia,89%
"In Our Blood - Sin Límite, Marc Márquez",No existe puntuacion
"In Our Blood - El Comienzo de Todo, Àlex Crivillé",No existe puntuacion
The Sholay Girl,No existe puntuacion
Forest of the Dead Sharks,No existe puntuacion
'P' fung bou,No existe puntuacion
Nemesis,Valoración: 71%
The Struggle,No existe puntuacion
Bring Me the Head of Jade Brooks,No existe puntuacion
"In Our Blood - El Legado, Jorge Lorenzo",No existe puntuacion
Black Fox: Age of the Ninja,No existe puntuacion
Therottam,No existe puntuacion
Hellcat's Revenge II: Deadman's Hand,No existe puntuacion
Jaddi Sardar,No existe puntuacion
Bakuretsu mashin shôjo - bâsuto mashin gâru,No existe puntuacion
Renegade,Valoración: 33%
We Are Legends,No existe puntuacion
The Little Prince,Valoración: 92%
The Blade of Storm,No existe puntuacion
The Exigency,No existe puntuacion
Jack & Daniel,No existe puntuacion
KontrAdiksyon,No existe puntuacion
Lock & Key,No existe puntuacion
Aspen 1989 for the 31st Century - Part II,No existe puntuacion
Aspen 1989 for the 31st Century - Part I,No existe puntuacion
Watch Movie Free Online,No existe puntuacion
Cui mian cai jue,No existe puntuacion
Ab Negative,No existe puntuacion
Patalliro!,No existe puntuacion
Uriyadi 2,No existe puntuacion
Plushtubers: The Apocalypse,No existe puntuacion
Rakshasudu,No existe puntuacion
Welad Rizk 2,97%
Heer Maan Ja,No existe puntuacion
313 Detectives,No existe puntuacion
Biju Babu,No existe puntuacion
Geolkapseu,No existe puntuacion
Mad Maxime: Revenge,Valoración: 93%
Revenge in the Forest of the Dead Sharks,No existe puntuacion
Wildflower,Valoración: 63%
Chase No Mercy to Crime,No existe puntuacion
Model Fight,Valoración: 77%
Through the Ashes,No existe puntuacion
Akinjeon,Valoración: 97%
Kalki,No existe puntuacion
Crayon Shin-chan: Honeymoon Hurricane - The Lost Hiroshi,No existe puntuacion
San 1981,No existe puntuacion
Mon Jane na,Valoración: 73%
Jiva Shiva,No existe puntuacion
Zhong guo ji zhang,No existe puntuacion
Lie huo ying xiong,"Valoración: 5,7/10"
The Incredible Monk,No existe puntuacion
Edakkad Battalion 06,No existe puntuacion
Karate Do,No existe puntuacion
Hatsukoi,No existe puntuacion
The Hero of Flight 757,"Valoración: 4,8/10"
Monster Island,Valoración: 31%
D-Day,8%
Gemini Man,26%
Kabaneri of the Iron Fortress: Unato Decisive Battle,100%
Alma de Héroe,No existe puntuacion
Journey,No existe puntuacion
Pitkä perjantai,Valoración: 68%
Rakshapurushan,No existe puntuacion
Muna,No existe puntuacion
Drugz & Strippers,No existe puntuacion
K-13,No existe puntuacion
Beshoot,No existe puntuacion
The Endless Chain,No existe puntuacion
Koytaa Ek Sangharsh,"Valoración: 7,8/10"
Chui lung II,No existe puntuacion
Chhota Bheem Kung Fu Dhamaka,No existe puntuacion
Shi tu xing zhe 2: Die ying xing dong,No existe puntuacion
Revenant Revolver,No existe puntuacion
Gara,No existe puntuacion
V for Victor,No existe puntuacion
Whistleblower 2044,13%
Kidnap,No existe puntuacion
Evadu Thakkuva Kadu,No existe puntuacion
Anushka,No existe puntuacion
Sanga Thamizhan,No existe puntuacion
Hit & Run,Valoración: 48%
Arctic Apocalypse,18%
Õiglus,No existe puntuacion
Malaal,38%
79 Parts: Director's Cut,Valoración: 63%
El Gobernador,62%
ASHWAMEDHAM,No existe puntuacion
Termination,No existe puntuacion
Password,No existe puntuacion
LEGO DC Batman: Family Matters,94%
The Hunted,0%
Thrissur Pooram,No existe puntuacion
Geroy,No existe puntuacion
Aruvam,No existe puntuacion
Finding Purpose: The Road to Redemption,No existe puntuacion
John Seena,No existe puntuacion
Sivappu Manjal Pachai,No existe puntuacion
Los hipócritas,25%
Stramonium,Valoración: 83%
Fighter,No existe puntuacion
Triples Alley,70%
Camino del Triunfo,No existe puntuacion
Not Till I Know More,No existe puntuacion
Redemption: A Power Rangers Fan Film,No existe puntuacion
Tresspass,Valoración: 60%
Whack,No existe puntuacion
Duppatlo Minnagu,No existe puntuacion
Mossad,No existe puntuacion
Black Sun,Valoración: 60%
Khun Phaen Begins,No existe puntuacion
Our Inverse Youth,No existe puntuacion
"365 days, also known as a Year","Valoración: 5,4/10"
The Mummy Rebirth,No existe puntuacion
Aadisidaatha,Valoración: 93%
24 Hours the film,Valoración: 45%
Jackpot,No existe puntuacion
Ocean Rescue,No existe puntuacion
Shesh Theke Shuru,No existe puntuacion
Assassin on the String,No existe puntuacion
Krodha,Valoración: 84%
Wooparoo Adventure,No existe puntuacion
Xbox Avatar Fun,No existe puntuacion
Grisaia: Phantom trigger the animation 02. Soul Speed,No existe puntuacion
Mahaddesh Shaf Muhammad Husain?,No existe puntuacion
Fly,No existe puntuacion
Laal,Valoración: 28%
Bad Boy Symphony,No existe puntuacion
Art. 640,No existe puntuacion
Hulidurgaa,No existe puntuacion
Nathuram,No existe puntuacion
BoBoiBoy Movie 2,Valoración: 100%
The Last Stub Master,No existe puntuacion
The Deal,No existe puntuacion
Wo hu qian long,No existe puntuacion
Go Get Davey,No existe puntuacion
O Braço Direito,No existe puntuacion
Hydra,80%
Fong Sai Yuk,89%
Ghost Sword,No existe puntuacion
Advance Wave Upon Wave,No existe puntuacion
Kekkai Sensen,No existe puntuacion
Gekijôban Kamen Raidâ Jiô: Over Quartzer,No existe puntuacion
Psycho-Pass: Sinners of the System Case.1 Crime and Punishment,No existe puntuacion
Long libeu mokpo king yeongung,No existe puntuacion
Kathiri Veyil,No existe puntuacion
The Passage,62%
Hareket Sekiz,No existe puntuacion
Spider-Man: Identity,No existe puntuacion
Hridyam,No existe puntuacion
Faci sau Taci,No existe puntuacion
Maanaya,No existe puntuacion
Muroni: El ultimo vampiro,No existe puntuacion
45 25: #KusursuzCinayet,No existe puntuacion
DSP Dev,No existe puntuacion
Thambi,No existe puntuacion
"Les Frenchmen, les premiers super-héros français",No existe puntuacion
The Rescue,95%
For Whom the Alchemist Exists,No existe puntuacion
Hayat Nedir?,No existe puntuacion
Simha Sena,No existe puntuacion
Hellfire!,17%
Destination Unknown,No existe puntuacion
Parkiya,No existe puntuacion
Stalked,No existe puntuacion
Triggered,No existe puntuacion
Casablanca,Valoración: 99%
Hamlet Pheroun,No existe puntuacion
Beyond Reality,Valoración: 98%
Ratnakar,No existe puntuacion
The Treasure 2,No existe puntuacion
Sinners,Valoración: 90%
The Battle: Roar to Victory,100%
Viswamitra,No existe puntuacion
Balkan Blood,No existe puntuacion
Suatu Ketika,No existe puntuacion
Narco Soldiers,No existe puntuacion
Biseuteo,Valoración: 56%
Buying Time,No existe puntuacion
The Captain of Korea under Japanese rule,No existe puntuacion
Saja,No existe puntuacion
Zombie Tidal Wave,29%
Surge of Dawn,No existe puntuacion
No Loose Ends,No existe puntuacion
The Rise of Hero,No existe puntuacion
Sudhu Tomakei Chai,No existe puntuacion
ZillaFoot,No existe puntuacion
Talash,No existe puntuacion
I Just Want Peace,No existe puntuacion
The Alien Invasion,No existe puntuacion
The Brotherhood,86%
A Bagfull of Money,Valoración: 39%
Ningen shikkaku,No existe puntuacion
Ankdammen,Valoración: 57%
Bu yi zhi zhan,No existe puntuacion
Lupin III: The First,95%
Xira,No existe puntuacion
Ne Zha zhi mo tong jiang shi,88%
Bas Boru,88%
The City of Kungfu,No existe puntuacion
Guna 369,No existe puntuacion
Entre El Poder y La Calle,No existe puntuacion
Eksiteu,83%
Durmargudu,No existe puntuacion
Zeta: When the Dead Awaken,No existe puntuacion
Tevar,No existe puntuacion
Fist & Furious,No existe puntuacion
Blauw in Bulten,Valoración: 78%
Rave,Valoración: 93%
Long Night of the Museums - 33 Victory Boulevard,No existe puntuacion
Confound,No existe puntuacion
Kill-Fist,Valoración: 15%
Maffi Dona,No existe puntuacion
Hero,Valoración: 94%
Fang Shi Yu: Gai shi ying xiong,No existe puntuacion
Game Over,Valoración: 67%
Namma Veettu Pillai,No existe puntuacion
Dhehi - Her soul never surrendered,No existe puntuacion
Xin Feng shen zhi Nezha nao hai,"Valoración: 6,3/10"
Gangster vs State,No existe puntuacion
Nappeun nyeoseogdeul: Deo mubi,No existe puntuacion
This Is Not a Movie,Valoración: 100%
Lang qun xing dong,No existe puntuacion
Xin feng shen jiang zi ya,No existe puntuacion
Luo Xiao Hei zhan ji,89%
Shakthan Market,No existe puntuacion
The Last Call,82%
Viplavam Jayikkanullathanu,No existe puntuacion
LimoCop,No existe puntuacion
Udumba,No existe puntuacion
The Money,Valoración: 67%
First Draw,No existe puntuacion
Operación Agramón,Valoración: 51%
Mudda 370 J&K,No existe puntuacion
Garo: gekkô no tabibito,No existe puntuacion
Them,No existe puntuacion
Marshal,No existe puntuacion
Fatteshikast,No existe puntuacion
Ghost of El Chupacabra,No existe puntuacion
Ayushmanbava,No existe puntuacion
Jai Hind,No existe puntuacion
Jack Stone: End of the Line,Valoración: 8/10
Dhehi- Her soul never surrendered,No existe puntuacion
Life Punch,No existe puntuacion
Panther,Valoración: 96%
Murders in the Forest of the Dead Sharks,No existe puntuacion
I Will,No existe puntuacion
Super Mix,No existe puntuacion
Captain Rana Prathap,No existe puntuacion
Kumbarees,No existe puntuacion
A Living Dog,62%
Iced Out,No existe puntuacion
Mei,No existe puntuacion
Officer Arjun Singh IPS,No existe puntuacion
Kamen Raidâ Reiwa: Za Fâsuto Jenerêshon,No existe puntuacion
En Uzun Gece,No existe puntuacion
Kusatma Yedi Uyuyanlar,No existe puntuacion
Maal,No existe puntuacion
Daaka,No existe puntuacion
Gumnaami,No existe puntuacion
Mor Sapna,Valoración: 5
The 9th Precinct,No existe puntuacion
Safe,Valoración: 60%
The Lost Okoroshi,88%
Tezhongbingguilai 1,Valoración: 14%
Tezhongbingguilai 2,No existe puntuacion
Mayuran,Valoración: 95%
Bomb Jigra,No existe puntuacion
One Night in Tehran,No existe puntuacion
Kanchanjangha,82%
Notícias do fim do mundo,Valoración: 78%
SoulBound,No existe puntuacion
The Kindhearted and Bitter,No existe puntuacion
Espionage,No existe puntuacion
Power Game,Valoración: 81%
Soul Returning Sand,Valoración: 95%
Viriato,No existe puntuacion
Heroes Invitation,No existe puntuacion
The Rule of Undeaded Insect,No existe puntuacion
La Taous Nikita 2,85%
Mga mata sa dilim,No existe puntuacion
The Second Target,No existe puntuacion
Ferets' Life,No existe puntuacion
Mañanita,No existe puntuacion
Bakaal,No existe puntuacion
Denard Anatomy of An Antihero,No existe puntuacion
One Way Out,No existe puntuacion
We Are Chinese,No existe puntuacion
Action,No existe puntuacion
In Jesus Name,No existe puntuacion
Serseriler,No existe puntuacion
De forgiftede,Valoración: 98%
Mitran Nu Shaunk Hathyaran Da,No existe puntuacion
Spider-Man 2: Broken Identity,Valoración: 93%
The End,No existe puntuacion
Nocta,No existe puntuacion
Oru Kadath Naadan Katha,"Valoración: 5,7/10"
Babubhai Sentimental,No existe puntuacion
"The Day My Busty, Provocative Sister-In-Law Rode My Dick And Made Me Give Her A Creampie. Mio Kimijima",No existe puntuacion
The Murder of Blood Pupil,No existe puntuacion
The Deformation Fighter,No existe puntuacion
Forsaken: Saken 4,No existe puntuacion
Li Bai zhi Tian huo liao yuan,"Valoración: 5,8/10"
Blind Mess,Valoración: 42%
Dead and Deleted The Ted Giles Story,No existe puntuacion
Crime City,No existe puntuacion
Yangjamoolrihak,No existe puntuacion
Anya The Other,Valoración: 88%
Tenali Ramakrishna BA.BL,No existe puntuacion
Elparvar,No existe puntuacion
Morning of the night,No existe puntuacion
Dandam,Valoración: 44%
Gundam 40th Anniversary Celebration: Chars Counterattack,83%
Bride of the Werewolf,No existe puntuacion
The Flying Lion,Valoración: 52%
Kazakh Khanate - Golden Throne,No existe puntuacion
Justified Force,No existe puntuacion
Yummy,Valoración: 71%
Ostatni Samotnik,No existe puntuacion
Brick City,No existe puntuacion
No vendetta no party,No existe puntuacion
90 ML,No existe puntuacion
Market Raja MBBS,No existe puntuacion
Hero: Jangan Bikin Panas,No existe puntuacion
Octagona,No existe puntuacion
Psycho-Pass: Sinners of the System Case.3 - Onshuu no Kanata ni,No existe puntuacion
Psycho-Pass: Sinners of the System Case.2 First Guardian,No existe puntuacion
Adventure Force 5,90%
U Khynnah,No existe puntuacion
Across Sagittarius Street,Valoración: 76%
Unbeatable Fighter,No existe puntuacion
My Hero Academia - Boku no hîrô akademia THE MOVIE - Heroes: Rising - Hîrôzu: Raijingu,90%
"Atrápalo, Vivo o Muerto",No existe puntuacion
Cenk Abseyi,No existe puntuacion
The Island of Corpses,No existe puntuacion
That Revenge 3: The Good Life,Valoración: 93%
Atrápalo vivo Muerto,No existe puntuacion
High & Low: The Worst,Valoración: 88%
Pulivendula Pulibidda,No existe puntuacion
Up Wali Love Story,No existe puntuacion
Popcorn Monkey Tiger,No existe puntuacion
Dark Intentions 2: Escalation,No existe puntuacion
Babae at baril,No existe puntuacion
Beyond the Law,15%
La Fiesta Silenciosa,No existe puntuacion
Girmit,No existe puntuacion
Türkler Geliyor: Adaletin Kilici,No existe puntuacion
Geran,Valoración: 65%
Star Twinkle PreCure the Movie: These Feelings Within The Song Of Stars,No existe puntuacion
A Tres Caídas,70%
Shinui Han Soo: Gwisoopyeon,No existe puntuacion
Guardians,Valoración: 82%
Fury Fist,No existe puntuacion
The Imperial Guard - Blood for Blood,No existe puntuacion
George Reddy,No existe puntuacion
Ina,No existe puntuacion
Primal: Tales of Savagery,93%
Mery Coltrane - La seduttrice mortale,No existe puntuacion
Wira,No existe puntuacion
Ip Man and Four Kings,Valoración: 85%
Ox Films Collection Volume 2,No existe puntuacion
A Rebel Born,No existe puntuacion
"The Badge, the Bible, and Bigfoot",No existe puntuacion
Yo Te Gusto?,No existe puntuacion
Infidel,58%
Kamen Raidâ Birudo New World: Kamen Raidâ Gurisu,58%
Darah Daging,No existe puntuacion
Sarauto,Valoración: 99%
The Account,Valoración: 52%
Serce do walki,No existe puntuacion
Chen Qing Ling Zhi Sheng Hun,No existe puntuacion
Scragland,No existe puntuacion
Shu Shan Xiang Mo Zhuan 2,No existe puntuacion
Baekdusan,Valoración: 73%
Zhi Zun xian sheng,No existe puntuacion
Tottenham Hotspur Football Club vs Aston Villa Football Club,No existe puntuacion
Beach Road Chetan,No existe puntuacion
Southampton Football Club vs Tottenham Hotspur Football Club,No existe puntuacion
Ajax vs Tottenham Hotspur,No existe puntuacion
Joe Stryker,No existe puntuacion
The Man Named Leopard,No existe puntuacion
Denzura,No existe puntuacion
Chasing News,No existe puntuacion
WuXing XiangShu,No existe puntuacion
M.O.X: Misi Operasi X,No existe puntuacion
Tshnamu Ankoxnum,No existe puntuacion
Manchester City F.C. vs Chelsea Football Club,No existe puntuacion
Arsenal vs Southampton,No existe puntuacion
The Final Level: Escaping Rancala,No existe puntuacion
Crystal Palace vs Liverpool,No existe puntuacion
West Ham United vs Tottenham Hotspur,No existe puntuacion
AC Milan vs Napoli,No existe puntuacion
Atalanta vs Juventus,No existe puntuacion
Alex,No existe puntuacion
Te qin jing ying zhi Sheng si jiu yuan,No existe puntuacion
Odeya,No existe puntuacion
Rise to Power: KLGU,No existe puntuacion
I anazitisi tis Lora Dourand,No existe puntuacion
Martial Universe,No existe puntuacion
Zombiesthaan,Valoración: 7/10
Gekijoban G No Reconguista I: Ike! Core Fighter,No existe puntuacion
Warrior of the Hornor,No existe puntuacion
Merry Men 2,60%
Manchester derby,No existe puntuacion
Aian gâru Final Wars,No existe puntuacion
Merseyside derby,No existe puntuacion
FC Red Bull Salzburg versus Liverpool FC,No existe puntuacion
AFC Bournemouth versus Liverpool FC,No existe puntuacion
Liverpool versus Brighton & Hove Albion F.C.,No existe puntuacion
Man Utd versus Hotspur,No existe puntuacion
Sugar Rush,No existe puntuacion
Ci Sha Su Da Ji,No existe puntuacion
Ruler,No existe puntuacion
Olokiki Oru: The Midnight Sensation,No existe puntuacion
Shadows and Echoes,No existe puntuacion
Killed My Wife,No existe puntuacion
Start-Up,No existe puntuacion
Assassin,No existe puntuacion
The Haunted House: The Sky Ghost vs Jormungandr,No existe puntuacion
Bokura no nanoka-kan sensô,No existe puntuacion
Yo-kai Watch the Movie 6,No existe puntuacion
Art of Deception,No existe puntuacion
5Gang: Un Altfel de Craciun,No existe puntuacion
3pol Trobol: Huli ka Balbon!,No existe puntuacion
The Evil in Good,95%
Dian feng ying jiu,No existe puntuacion
Extreem Geweld,55%
My Hittas 2: Revenge in Blood,No existe puntuacion
Wu Lin Huang Hun Dao,No existe puntuacion
Shuang Shi Qing She,Valoración: 70%
Deportados,No existe puntuacion
Neverland,Valoración: 80%
Samurai in Berlin,No existe puntuacion
La Muerte De Un Federal,"Valoración: 8,5/10"
Las Aventuras Del Pollo Y El Frijol,No existe puntuacion
Transformable Shinkansen Robot Shinkalion Movie: The Mythically Fast ALFA-X that Comes from the Future,No existe puntuacion
Gang,Valoración: 76%
The Adventures of Supermama,No existe puntuacion
Bodyguard-Na-Hak (The Protector),No existe puntuacion
Pup Scouts 3,No existe puntuacion
Tainted Getaway,No existe puntuacion
Master of the White Crane Fist: Wong Yam-Lam,No existe puntuacion
Master of the Nine Dragon Fist: Wong Ching-Ho,No existe puntuacion
Monterrey vs Liverpool,No existe puntuacion
Liverpool vs Wolverhampton Wanderers,No existe puntuacion
Leicester City vs Liverpool,No existe puntuacion
FIFA Club World Cup Final,No existe puntuacion
Liverpool vs Napoli,No existe puntuacion
Genk vs Red Bull Salzburg,No existe puntuacion
Manchester City vs Leicester City,No existe puntuacion
Last Ninja - Red Shadow,No existe puntuacion
Last Ninja - Blue Shadow,No existe puntuacion
Star Wars: Hand of the Empire,No existe puntuacion
Zhi Shen 2,No existe puntuacion
Under Cover,No existe puntuacion
Blood Mixed,90%
Black Dog,No existe puntuacion
Tit og Tat,Valoración: 83%
Princess the Secret Service Part 1,No existe puntuacion
Rambo: Last Blood,26%
Thunderbolt Fantasy: Bewitching Melody of the West,No existe puntuacion
K.U.D.R: Klootzak Uit De Ruimte,No existe puntuacion
Moshte Akhar,Valoración: 83%
Transference,No existe puntuacion
Finding the Balance,No existe puntuacion
Portugal vs Netherlands,No existe puntuacion
Fatal Encounter Rise and Fight,No existe puntuacion
Swordsman,No existe puntuacion
Huo Yuanjia,No existe puntuacion
Na pravom putu,No existe puntuacion
Paird,No existe puntuacion
Yogi 2,No existe puntuacion
Finding Purpose,No existe puntuacion
Taibai Sword,No existe puntuacion
Monster Hunter,No existe puntuacion
Heat,No existe puntuacion
Kaaway sa sulod,No existe puntuacion
Cheshm O Goosh Baste,No existe puntuacion
Hide and Seek,No existe puntuacion
Passport to Oblivion,No existe puntuacion
The Enemy of My Enemy,No existe puntuacion
Ek,No existe puntuacion
Zhan Jiang Duo Shen Lu,No existe puntuacion
Kings of Indiana,No existe puntuacion
Uncovered,No existe puntuacion
Nammooru Kunigal,No existe puntuacion
Ip Man: Kung Fu Master,No existe puntuacion
Shontaner Moto Shontan,No existe puntuacion
Ladyboy,No existe puntuacion
Dasharatha,No existe puntuacion
"Django, en el nombre del hijo",No existe puntuacion
Jiangmo dashi,No existe puntuacion
Maranam,No existe puntuacion
Remnants,No existe puntuacion
Mental - 'B' Positive,No existe puntuacion
COPA DEL REY First Round Club Atlético Antoniano vs Real Betis Balompié,No existe puntuacion
Laliga 1. Matchday Real Betis Balompié vs Real Valladolid CF,No existe puntuacion
Real Betis Balompié vs Deportivo Alavés,No existe puntuacion
COPA DEL REY Semi-Finals 1st Leg Real Betis Balompié vs Valencia CF,No existe puntuacion
Villarreal CF vs Real Betis Balompié,No existe puntuacion
LALIGA 5. Matchday CA Osasuna vs Real Betis Balompié,No existe puntuacion
LALIGA 3. Matchday Real Betis Balompié vs CD Leganés,No existe puntuacion
Real Betis Balompié vs SD Huesca,No existe puntuacion
CD Leganés vs Girona FC,No existe puntuacion
Athletic Bilbao vs Real Betis Balompié,No existe puntuacion
CD Leganés vs SD Huesca,No existe puntuacion
SD Huesca vs Real Betis Balompié,No existe puntuacion
Laliga 12. Matchday Cd Leganés vs Sd Eibar,No existe puntuacion
CD Leganés vs RCD Mallorca,No existe puntuacion
American Badger,60%
Sporting Gijón vs UD Almería,No existe puntuacion
Exorcist Judge Bao,No existe puntuacion
Assassination,No existe puntuacion
The King is Invincible,No existe puntuacion
Cyan Wizard,No existe puntuacion
Mysterious Raiders II,No existe puntuacion
The Mutant Python II,No existe puntuacion
The Love of Immortal,No existe puntuacion
The True Monkey King,No existe puntuacion
Brez izhoda,No existe puntuacion
Carroña,No existe puntuacion
The Imperial College Mystery Case of Shuntian,No existe puntuacion
He Shen,No existe puntuacion
Jingwu Chen Zhen,No existe puntuacion
The Blood of the sun,No existe puntuacion
Fang Shiyu's Thousand Faces Shura,No existe puntuacion
Air,No existe puntuacion
CartoonMania: The Movie,No existe puntuacion
40-45 De Musical,No existe puntuacion
Revolt of Master Ma,No existe puntuacion
WWE: Paige - Iconic Matches,No existe puntuacion
The New Dragon Inn - Zombified Prisoners,No existe puntuacion
Lock & Key 2: The Fallout,No existe puntuacion
Riben tongyi 32,No existe puntuacion
Baby Lamb & Friends: The Movie,No existe puntuacion
Bhaire,No existe puntuacion
Arsenal vs Vitoria de Guimaraes,No existe puntuacion
Chemical Peel,No existe puntuacion
Apocalypse LA,No existe puntuacion
Shushan Subdues Evil,No existe puntuacion
Saltire,No existe puntuacion
The Memory of A Killer,No existe puntuacion
Legend of the Galactic Heroes: The New Thesis - Stellar War 2,No existe puntuacion
Soy de rancho,No existe puntuacion
YouTube Ratovi,No existe puntuacion
Rapist Rapist,Valoración: 98%
Espanyol vs Valencia,No existe puntuacion
Espanyol vs Sevilla,No existe puntuacion
The Legend of the Galactic Heroes: Die Neue These - Seiran 3,No existe puntuacion
The Stars My Destination,Valoración: 83%
Tottenham Hotspur vs Chelsea,No existe puntuacion
Bayer Leverkusen vs Eintracht Frankfurt,No existe puntuacion
African Kung-Fu Nazis,100%
Ultimate Secrets,Valoración: 46%
Los Angeles Football Club vs Real Salt Lake,No existe puntuacion
Los 7 de Lucifer,87%
Golden State Warriors vs Toronto Raptors,No existe puntuacion
SC Freiburg vs Borussia Dortmund,No existe puntuacion
Inter Milan vs Spal,No existe puntuacion
Cagliari Calcio vs Inter Milan,No existe puntuacion
Chelsea vs Ajax,No existe puntuacion
The Last Honor,No existe puntuacion
Bitch Fight,No existe puntuacion
EL Clásico,No existe puntuacion
Maaj Finish It...,No existe puntuacion
Barcelona vs Real Valladolid,No existe puntuacion
The Basque Derby,No existe puntuacion
Madrid Derby,No existe puntuacion
Necromancer 2020,No existe puntuacion
ManCity vs Leicester City,No existe puntuacion
Gozen: Jenren no ken,No existe puntuacion
Hotline,No existe puntuacion
Run Amuck,No existe puntuacion
Rann,No existe puntuacion
Xing yun qu kuai lian,No existe puntuacion
It's Just a Game,No existe puntuacion
Avengers: Infinity War Demastered,Valoración: 85%
Snayper,No existe puntuacion
Heist,No existe puntuacion
My Social Struggle,No existe puntuacion
Mixed Martial Hearts,Valoración: 60%
Tumbling the Movie,No existe puntuacion
The Gods Fight Against,No existe puntuacion
Shonentachi,No existe puntuacion
Surya IPS,No existe puntuacion
Showed Up,No existe puntuacion
Two Knight riders,No existe puntuacion
Triple Frontier,70%
Sepulchrum II - Wasteland,Valoración: 64%
Kimetsu no Yaiba: Kyoudai no Kizuna,No existe puntuacion
For Clues,No existe puntuacion
Honey Bunny in Crazy Crazy Chase,Valoración: 9/10
The Grandmaster of Kungfu,60%
Honey Bunny in Haunted House,No existe puntuacion
Honey Bunny in Gangs of Filmcity,"Valoración: 5,5/10"
La Madriguera,No existe puntuacion
"Gung Fu, JKD & MMA",No existe puntuacion
Zhongkui kills Demon Legend,No existe puntuacion
37th tochka,No existe puntuacion
Masood Saida and Saadan,"Valoración: 6,4/10"
Transform,No existe puntuacion
The Passenger,81%
Pandiyum Sahakkalum,No existe puntuacion
I Know Kung Fu,No existe puntuacion
Siping Situation,No existe puntuacion
Asantewaa,No existe puntuacion
Zombieland: Double Tap,68%
Interview with the Hitman,44%
Murder Mystery,44%
SGT. Will Gardner,22%
Beyond Fury,No existe puntuacion
The Informer,64%
For Sara,Valoración: 71%
Le Mans '66,92%
Assassins' Contract,No existe puntuacion
Transit,95%
Counterpunch,No existe puntuacion
Yip Man 4,85%
American Fighter,50%
Hellboy,Valoración: 17%
Beast Within,No existe puntuacion
Men in Black: International,Valoración: 23%
High on the Hog,No existe puntuacion
How to Train Your Dragon: The Hidden World,90%
Point Blank,40%
Star Wars: Episode IX - The Rise of Skywalker,52%
Circle,No existe puntuacion
100 Acres of Hell,No existe puntuacion
Shongram,No existe puntuacion
Iron Sky: The Coming Race,Valoración: 29%
Barcelona 1714,No existe puntuacion
Into the Ashes,30%
HeartBreak,No existe puntuacion
Dead Don't Die in Dallas,No existe puntuacion
Bullets Blades and Blood,No existe puntuacion
Shepherd: The Story of a Jewish Dog,80%
Domino,Valoración: 33%
The Last Man,Valoración: 0%
Wages of Sin: Special Tactics,No existe puntuacion
Alien Theory,No existe puntuacion
Chance,100%
Enough Is Enough,Valoración: 21%
Getting the Kinks Out,No existe puntuacion
Lancaster Skies,25%
War Path,No existe puntuacion
Line of Duty,56%
The Lick Movie,"Valoración: 7,5/10"
Transit 17,No existe puntuacion
Poliorkia stin odo Liperti,No existe puntuacion
Godzilla II: King of the Monsters,42%
Cencoroll 2,No existe puntuacion
To Your Last Death,71%
A Score to Settle,15%
Kissebaaz,No existe puntuacion
Invasion Planet Earth,0%
The Outpost,91%
Love or Laughs,No existe puntuacion
Kempe Gowda 2,No existe puntuacion
The Glorious Seven,No existe puntuacion
Star Trek: Temporal Anomaly,No existe puntuacion
Evolutionary,Valoración: 84%
Hard Night Falling,0%
United We Fall,40%
Polar,18%
The Tracker,9%
Avengers: Endgame,Valoración: 94%
Captain Marvel,Valoración: 79%
Seizer,Valoración: 23%
Night Walk,No existe puntuacion
My Soul to Keep,No existe puntuacion
Red Shoes and the Seven Dwarfs,40%
Shaft,34%
Placa de Acero,No existe puntuacion
Nation's Fire,No existe puntuacion
The Rizen: Possession,No existe puntuacion
In Full Bloom,88%
Unmatta,No existe puntuacion
Harriet,74%
A Chamada 2,Valoración: 98%
Programmed Series: Aznek,"Valoración: 7,8/10"
National Treasure: The Blood Run,Valoración: 46%
Dead Fellas,Valoración: 97%
Monochrome: The Chromism,No existe puntuacion
Loukasmäen Taistelu,No existe puntuacion
Breakdown Forest - Reise in den Abgrund,No existe puntuacion
Charlie's Angels,52%
The Dark Military,No existe puntuacion
Designated,No existe puntuacion
Hasta que nos entierren a todos,No existe puntuacion
The Brazilian Connection,No existe puntuacion
Crossbreed,71%
Rogue Warfare,8%
Close,Valoración: 37%
The Red Mosquito,95%
Howlers,No existe puntuacion
Among Thieves,No existe puntuacion
The Man from Kathmandu Vol. 1,No existe puntuacion
Garra Mortal,Valoración: 56%
Split Lip,No existe puntuacion
Enai Noki Paayum Thota,Valoración: 20%
The Brave,50%
Revancha,Valoración: 93%
Atone,No existe puntuacion
Haphazard,No existe puntuacion
Kiss Kiss,38%
Mardaani 2,50%
Above Suspicion,24%
Cold Pursuit,Valoración: 68%
Where Sleeping Dogs Lie,No existe puntuacion
Blood Type,No existe puntuacion
Las Vegas Vietnam: The Movie,No existe puntuacion
Beaten,No existe puntuacion
Zombie with a Shotgun,No existe puntuacion
Spies in Disguise,76%
The Kitchen,24%
The Directive,Valoración: 55%
Pokémon: Detective Pikachu,Valoración: 68%
Escape Room,Valoración: 50%
Grace Is Gone,63%
On the Run,No existe puntuacion
Miss Bala,22%
Balkanskiy rubezh,No existe puntuacion
Captive State,42%
Rag Doll,No existe puntuacion
Midnight Family,97%
Welcome to Acapulco,50%
Riot Girls,Valoración: 90%
Lucifer,87%
The Vibe,No existe puntuacion
Boris and the Bomb,100%
Grabiteli,Valoración: 70%
Koma,No existe puntuacion
The Angry Birds Movie 2,Valoración: 72%
The Reliant,28%
Rise Against the Fall,No existe puntuacion
The Aeronauts,72%
John Wick: Chapter 3 - Parabellum,89%
Angel Has Fallen,38%
Cross 3,No existe puntuacion
The Kill Team,70%
Tayna pechati drakona,No existe puntuacion
Batman: Terror of Arkham,No existe puntuacion
Code 8,81%
The Cry,No existe puntuacion
Kesari,33%
Abstruse,No existe puntuacion
Stray,56%
Spider-Man: Far from Home,Valoración: 91%
Jiu long bu bai,No existe puntuacion
Code Geass: Fukkatsu No Lelouch,Valoración: 80%
World War Four,No existe puntuacion
Runaway Smartphone,Valoración: 93%
Moothon,100%
Defiant,No existe puntuacion
Bullets of Justice,57%
The End of All Things,No existe puntuacion
7500,Valoración: 71%
The Wheel,91%
Terminator: Dark Fate,70%
Timeless,Valoración: 91%
Ring Ring,Valoración: 72%
Jay and Silent Bob Reboot,64%
Enemy Within,60%
TZW4 Titan Base,No existe puntuacion
Realm's 2 the 5th Dimension,No existe puntuacion
X-Men: Dark Phoenix,Valoración: 22%
Drive,Valoración: 0%
TZW1 El Paso Outpost,No existe puntuacion
Zulu Six: Revelations,No existe puntuacion
Shang hai bao lei,"Valoración: 4,4/10"
Triple Threat,67%
The Last Operative,No existe puntuacion
I Am That Man,No existe puntuacion
Blood Hunters: Rise of the Hybrids,No existe puntuacion
Escape Plan 3: The Extractors,25%
Rise - Dharuriser,No existe puntuacion
Trevor Martin 006.5,No existe puntuacion
Dulce Familia,No existe puntuacion
Vikings of Jomsborg,No existe puntuacion
Pharoahs,No existe puntuacion
Romeo Akbar Walter,15%
Jumanji: The Next Level,71%
Rupanrenjâ VS Patorenjâ VS Kyuurenjâ,No existe puntuacion
Kobiety mafii 2,No existe puntuacion
Qing Long Men,No existe puntuacion
Musashi,No existe puntuacion
Nerkonda Paarvai,100%
Fast & Furious Presents: Hobbs & Shaw,67%
Bing feng bao,No existe puntuacion
The Bryan Movie,Valoración: 63%
VFW,Valoración: 83%
Supermen: World War,Valoración: 76%
Aham Brahmasmi,No existe puntuacion
Operation Gold Fish,No existe puntuacion
Makoki: Un Amor de Muerte,No existe puntuacion
Kolaigaran,42%
Legacy,No existe puntuacion
Solum,No existe puntuacion
Tzantza,No existe puntuacion
The Car: Road to Revenge,21%
Bumperkleef,80%
Vault,58%
D/O Parvathamma,No existe puntuacion
Shiva,Valoración: 97%
Pagalpanti,Valoración: 0%
Qi tian da sheng zhi huoyan shan,No existe puntuacion
Dark Over Me,Valoración: 95%
Semper Fi,Valoración: 18%
The Robinsons,Valoración: 67%
Lion Killer,No existe puntuacion
Rise of the Footsoldier: Marbella,Valoración: 33%
A Gunman's Curse,No existe puntuacion
Black and Blue,50%
Eternal Code,Valoración: 60%
Junglee,40%
Maximillian,No existe puntuacion
Apocalyptic 2077,No existe puntuacion
Alien Warfare,6%
Mahira,No existe puntuacion
Jurassic Thunder,40%
Untitled Russian Razor Massacre Spin-Off,No existe puntuacion
The Agency of International Affairs,No existe puntuacion
Te jing dui,No existe puntuacion
Under World,No existe puntuacion
Gary Come Home,64%
Soyuz spaseniya,Valoración: 99%
Dora and the Lost City of Gold,85%
Sindhubaadh,No existe puntuacion
Kabir Singh,Valoración: 23%
Suttu Pidikka Utharavu,No existe puntuacion
Bloody Marie,88%
- M - Sono solo un ragazzo,No existe puntuacion
The Man on the Other Side,No existe puntuacion
Gangs of Madras,No existe puntuacion
Outlaws Don't Get Funerals,No existe puntuacion
Fox Hunting,No existe puntuacion
Bigil,71%
Singham,No existe puntuacion
White Rhino,No existe puntuacion
The Crossroads of Hunter Wilde,No existe puntuacion
Thadam,No existe puntuacion
Girls Guns and Blood,No existe puntuacion
Satellite Shankar,No existe puntuacion
Dauntless: The Battle of Midway,No existe puntuacion
Mamangam,Valoración: 50%
Zoombies 2,38%
City Hunter: Shinjuku Private Eyes,No existe puntuacion
Bbaengban,No existe puntuacion
Bato: The Gen. Ronald Dela Rosa Story,No existe puntuacion
The Hacker,Valoración: 67%
Chen mo de zheng ren,"Valoración: 5,5/10"
El Corazón de Bolívar,No existe puntuacion
Two Worlds: Blood Bound,No existe puntuacion
Jangsa-ri 9.15,44%
Dev,No existe puntuacion
Stuber,42%
The Axel Lebanon File,No existe puntuacion
Open Borders,No existe puntuacion
General Commander,Valoración: 18%
Rim of the World,Valoración: 27%
Gundala,Valoración: 75%
Petta,71%
The Light We Save,Valoración: 93%
Hume Tumse Pyaar Kitna,No existe puntuacion
Girls und Panzer das Finale: Part II,No existe puntuacion
Mikhael,No existe puntuacion
Goree,No existe puntuacion
Paradise Beach,10%
Valerie,No existe puntuacion
Level Up,Valoración: 50%
Refúgio 2099,No existe puntuacion
Marauder: The End Is Near,No existe puntuacion
Madhura Raja,No existe puntuacion
Panipat,Valoración: 43%
Blinkers,No existe puntuacion
Unalterable,No existe puntuacion
Taras. Povernennya,No existe puntuacion
Batla House,38%
Destino Mortal,Valoración: 70%
The Savant,Valoración: 93%
Zhu xian I,"Valoración: 5,8/10"
Falsafa,No existe puntuacion
Eye for an Eye,89%
Killers Anonymous,0%
Pailwaan,No existe puntuacion
Downfall Warfare,Valoración: 90%
Charmaine,No existe puntuacion
Sher Singh,No existe puntuacion
Pranaam,No existe puntuacion
Das Dritte Auge,No existe puntuacion
Pan deng zhe,Valoración: 33%
Kuttram Seiyel,No existe puntuacion
Abduction,Valoración: 16%
Foxtrot Six,No existe puntuacion
Deadly rivals,Valoración: 40%
Dabangg 3,19%
Motosphere,No existe puntuacion
Ranveer,No existe puntuacion
The Fearless Two,No existe puntuacion
Tomiris,65%
Bharat,32%
Kruty 1918,No existe puntuacion
Hai Phuong,Valoración: 95%
The Furies,69%
Sakala Kala Vallabhudu,No existe puntuacion
Ready or Not,89%
Torpedo,38%
Chatrapati Shashan,No existe puntuacion
The Dude in Me,71%
Hot Pot Man,No existe puntuacion
Asuran,No existe puntuacion
Murphy's Law: Ghanoone Morfi,40%
The Courier,85%
The Black Revenger,No existe puntuacion
The Legend of the Galactic Heroes: Die Neue These Seiran,No existe puntuacion
Legs,No existe puntuacion
Honorable Sins,No existe puntuacion
Kingudamu,Valoración: 94%
Spasti Leningrad,No existe puntuacion
Uri: The Surgical Strike,57%
Unda,No existe puntuacion
Walter,No existe puntuacion
Malibu Rescue,63%
Sonchiriya,80%
The Gentlemen,75%
Dha Dha 87,No existe puntuacion
Derelict,No existe puntuacion
Mix-ups,No existe puntuacion
Irupathiyonnaam Noottaandu,No existe puntuacion
Welcome to Japan: Hinomaru ranchi bokkusu,No existe puntuacion
Kaithi,100%
The Treasure of Beijing,No existe puntuacion
Student of the Year 2,6%
Rajtilak,No existe puntuacion
Bare Knuckle Brawler,No existe puntuacion
Things I Do for Money,No existe puntuacion
Akjilkyungchal,No existe puntuacion
Face 2 Face,No existe puntuacion
Özgür Dünya,No existe puntuacion
Justice League vs. the Fatal Five,100%
Adiós,50%
Arjun Suravaram,60%
Beheaded,No existe puntuacion
Stairs,Valoración: 94%
Flutter Green vs. Hater: Battle's Aftermath,No existe puntuacion
The Mongolian Connection,No existe puntuacion
Londyn & James,No existe puntuacion
Kubo Ibuki,No existe puntuacion
Avanpost,Valoración: 57%
Tôkyô gûru 'S',Valoración: 57%
Bharaate,No existe puntuacion
100,No existe puntuacion
Seetha,No existe puntuacion
Flying Guy,No existe puntuacion
Jabariya Jodi,0%
Jesus Shows You the Way to the Highway,88%
Sagaa,No existe puntuacion
Bratstvo,No existe puntuacion
Ni no kuni,Valoración: 41%
King of Kings,No existe puntuacion
The Snaker,70%
Khamiyaza,No existe puntuacion
India's Most Wanted,22%
Girgitle,Valoración: 51%
Arjun Patiala,Valoración: 0%
Little boy,Valoración: 25%
72 Hours: Martyr Who Never Died,No existe puntuacion
The Operative,41%
6 Underground,36%
Suvarna Sundari,No existe puntuacion
Çiçero,No existe puntuacion
Nel nome del padre,94%
See You Yesterday,93%
Geukhanjikeob,No existe puntuacion
Model Combat,No existe puntuacion
Bolevoy porog,No existe puntuacion
Maria,90%
Blackwater,No existe puntuacion
I'll See What I Can Do,Valoración: 87%
Dear Comrade,67%
Kee,No existe puntuacion
Evil on Queen Street: Bloodlust,No existe puntuacion
The Kid Who Would Be King,90%
Gekijouban danjon ni deai o motomeru no wa machigatteiru daro ka: Orion no ya,No existe puntuacion
Shadow Wolves,27%
Contracts,No existe puntuacion
Kudiye Lahore Diye,No existe puntuacion
L'intervention,78%
Swordsman Nice Kungfu,No existe puntuacion
