titulo,puntuacion
On the Road,Valoración: 46%
Acorralados,4%
Caleuche: El llamado del Mar,No existe puntuacion
L'apocalisse delle scimmie,No existe puntuacion
Lincoln,Valoración: 90%
Life of Pi,86%
Being Flynn,51%
Steve Phoenix: The Untold Story,No existe puntuacion
Clutch,No existe puntuacion
Sushi in Suhl,"Valoración: 6,3/10"
Red Tails,40%
Making Change,No existe puntuacion
A Thousand Words,0%
The Attack,86%
Belle du Seigneur,27%
Jack & Diane,Valoración: 15%
Folie à deux,Valoración: 82%
The Sweeney,45%
Evangelion Shin Gekijôban: Kyu,65%
Letting Go,No existe puntuacion
Exposed,No existe puntuacion
White Men Can't Dance,Valoración: 26%
Hitchcock,Valoración: 60%
Four,No existe puntuacion
The Courier,10%
Kokomma,No existe puntuacion
Zeit der Olive,No existe puntuacion
The flowers at the window,No existe puntuacion
"Mamo, ya lotchyka lyublyu",No existe puntuacion
Midnight Party,Valoración: 60%
After the flood,Valoración: 57%
Das Ewige Antlitz,No existe puntuacion
Vinmeengal,Valoración: 39%
Du shi tong hua,No existe puntuacion
My Avatar Horse,Valoración: 74%
Block Burner,No existe puntuacion
Argo,Valoración: 96%
Nochoice,60%
Last Days In Waldo County,No existe puntuacion
Daisy,Valoración: 22%
Everyday,Valoración: 74%
The Story of Luke,83%
Silver Linings Playbook,92%
Song for Marion,Valoración: 66%
Saad,No existe puntuacion
The Bird Who Saved the World,Valoración: 68%
Nasilje-Mreza-Resenje,No existe puntuacion
This Bitter Earth,No existe puntuacion
Kuroinu: Kedakaki Seijo wa Hakudaku ni Somaru,No existe puntuacion
Murder,Valoración: 95%
Blitz and Bananas,No existe puntuacion
Espacio interior,No existe puntuacion
Shabnam and Shafaq,No existe puntuacion
The Dark Side of Love,No existe puntuacion
Ardhanaari,No existe puntuacion
Un cuento Latinoamericano,No existe puntuacion
"0,40%",Valoración: 51%
Orkut Oru Ormakoot,No existe puntuacion
Shakhta,Valoración: 39%
Bokad,Valoración: 39%
Between Us,Valoración: 50%
History Rediscovered: The Secret Life of Adolf Hitler,No existe puntuacion
Driving Me Crazy: Proof of Concept,"Valoración: 6,2/10"
"Ja som baník, kto je viac...",No existe puntuacion
Hard Man,Valoración: 28%
Kalua Bhail Sayan,No existe puntuacion
Antim Tandav,No existe puntuacion
Winou Baba?,No existe puntuacion
Art of Submission,No existe puntuacion
Devra Pe Manva Dole,No existe puntuacion
The Girl,Valoración: 70%
Zug O Pered,Valoración: 39%
Lay the Favorite,18%
Il muro celato,No existe puntuacion
Frankenweenie,Valoración: 88%
Perfection,No existe puntuacion
Old Gold Time,No existe puntuacion
Mountain Mafia,No existe puntuacion
Harold & Lorna: World Water Speed Champions,No existe puntuacion
Ron and Justin,No existe puntuacion
Judge Zhan,No existe puntuacion
Tang Ka,No existe puntuacion
Wu Ren Bao,No existe puntuacion
I Swan,No existe puntuacion
Broken Kingdom,Valoración: 77%
Mopireul ipeun bineoseu,No existe puntuacion
Cheerful Weather for the Wedding,37%
Kosmische Puppen III,No existe puntuacion
Where Is Joel Baum?,Valoración: 17%
18++: Forever Love,No existe puntuacion
Hello Cô Ba,No existe puntuacion
Gapos,No existe puntuacion
Ardham Chesukoru,Valoración: 93%
Colegas,No existe puntuacion
Easy Rider: The Ride Back,23%
"Jelena, Katarina, Marija",No existe puntuacion
The Door,Valoración: 44%
Gajoksinema,Valoración: 39%
Murattu Kaalai,No existe puntuacion
Middle of Nowhere,Valoración: 88%
Lawless,Valoración: 67%
Love Virtually,No existe puntuacion
Retazos,Valoración: 39%
Joint Enterprise,No existe puntuacion
Silencios Rotos,No existe puntuacion
Dropping Evil,Valoración: 57%
Dust,No existe puntuacion
Akalted Ghiri,Valoración: 39%
Nightfall,55%
A Late Quartet,77%
You Can't Go Back,No existe puntuacion
Shadows of Life,No existe puntuacion
Not Fade Away,Valoración: 68%
Mit O Szarym,No existe puntuacion
Café amargo,No existe puntuacion
Red Dawn,Valoración: 15%
Clear Lake,No existe puntuacion
Milo,No existe puntuacion
Amanti,Valoración: 39%
Mulher à Tarde,No existe puntuacion
Last Summer for Boys,No existe puntuacion
Nan guen he bian de nu ren,No existe puntuacion
Wo yao hui jia,No existe puntuacion
LAID: Life as It's Dealt,No existe puntuacion
Aandhi Toofan,No existe puntuacion
Bridge of Names,Valoración: 59%
Watching TV with the Red Chinese,40%
In the Gray,Valoración: 80%
Small Apartments,30%
USS Seaviper,10%
Looper,93%
En kongelig affære,90%
Dixie Times,No existe puntuacion
Bingxue 11 tian,No existe puntuacion
Sorairo monogatari,No existe puntuacion
Kaleidoscope,Valoración: 49%
Roulette,No existe puntuacion
The Legends of Nethiah,43%
Animals,63%
Mixed Kebab,Valoración: 34%
Seeking a Friend for the End of the World,55%
Man from Shaolin,29%
The Pursuit,67%
Mas horizei mia thalassa,No existe puntuacion
The Diary of Preston Plummer,38%
Behind Midnight,No existe puntuacion
Boogie Town,No existe puntuacion
Complacent,33%
The Lucky One,20%
Two Days in February,No existe puntuacion
Su Rahu De,No existe puntuacion
K-11,20%
Azhagan Azhagi,No existe puntuacion
Mazhaikaalam,No existe puntuacion
Kondaan Koduthaan,No existe puntuacion
Vilayada Vaa,No existe puntuacion
Paari,No existe puntuacion
Settai Dhanam,No existe puntuacion
Udumban,No existe puntuacion
Sooriya Nagaram,No existe puntuacion
Virudhanagar Sandhippu,No existe puntuacion
Maasi,No existe puntuacion
Soozhnilai,Valoración: 39%
Nandu Bhaskar,No existe puntuacion
Otha Veedu,Valoración: 12%
Othakkuthirai,No existe puntuacion
Theni Maavattam,No existe puntuacion
Asthamanam,Valoración: 39%
Aayiram Muthangaludam Thenmozhi,No existe puntuacion
Rock of Ages,42%
Meeravudan Krishna,No existe puntuacion
Konjum Mainakkale,No existe puntuacion
Pathirama Pathukkunga,No existe puntuacion
Oru Mazhai Naangu Saaral,No existe puntuacion
Sevarkkodi,No existe puntuacion
A crenca,Valoración: 39%
Broken Silence,No existe puntuacion
Limen [Omission],No existe puntuacion
Nellai Santhippu,No existe puntuacion
Anil,No existe puntuacion
Arakkonam,No existe puntuacion
Kalla Parunthu,Valoración: 39%
Yaarukku Theriyum,No existe puntuacion
Sattam Oru Iruttarai,No existe puntuacion
Asaivam,No existe puntuacion
Aachariyangal,No existe puntuacion
Amritha Yokam,No existe puntuacion
Sun Sun Thatha,No existe puntuacion
Kasi Kuppam,No existe puntuacion
Sembattai,Valoración: 39%
Pudhiya Kaaviyam,No existe puntuacion
Perumaan,No existe puntuacion
Kai,No existe puntuacion
Koyambedu Perundhu Nilayam,No existe puntuacion
Akilan,No existe puntuacion
Ariyaan,No existe puntuacion
Avan Appadithan,No existe puntuacion
Valiban Suttrum Ulagam,No existe puntuacion
Puthumughangal Thevai,No existe puntuacion
Kandu Pudichitten,No existe puntuacion
Paraseega Mannan,No existe puntuacion
Magan,No existe puntuacion
Suzhal,100%
Aathi Narayana,No existe puntuacion
Ooh La La La,Valoración: 91%
Poovampatti,No existe puntuacion
Raattinam,No existe puntuacion
Pollangu,No existe puntuacion
Gaantham,Valoración: 39%
Marupadiyum Oru Kadhal,No existe puntuacion
Anbulla Manvizhiye,Valoración: 39%
Palayamkottai,No existe puntuacion
Pachai Engira Kaathu,No existe puntuacion
Parama Guru,Valoración: 51%
Padam Parthu Kadhai Sol,No existe puntuacion
Kandathum Kanadhathum,No existe puntuacion
Sri Ramakrishna Darsanam,No existe puntuacion
Thoothuvan,Valoración: 39%
Porkodi 10am Vaguppu,No existe puntuacion
Aasami,No existe puntuacion
Mayanginen Thayanginen,No existe puntuacion
Fairhaven,47%
Varudangal 20,No existe puntuacion
The Dark Knight Rises,Valoración: 87%
Koi kizuna no sato,No existe puntuacion
Sukanya,No existe puntuacion
Los Kokainos,No existe puntuacion
Driver X 4 the Lost and Found Films of Sara Driver,No existe puntuacion
Breathe,Valoración: 56%
The Forger,39%
Branded,Valoración: 9%
Still Strange,No existe puntuacion
Skyler,No existe puntuacion
Cloud Atlas,66%
Long Shot: The Kevin Laue Story,67%
Upside Down,Valoración: 29%
Beauty to Ashes,No existe puntuacion
The Company You Keep,54%
"Bom, Nun",52%
Pyat let i odin den,No existe puntuacion
Achante Aanmakkal,No existe puntuacion
Pulivaal Pattanam,No existe puntuacion
Magic Boys,No existe puntuacion
Prasad,No existe puntuacion
"Bless Me, Ultima",68%
Super Shastri,No existe puntuacion
Hosa Prema Purana,No existe puntuacion
Sri Chowdeshwari Devi Mahime,No existe puntuacion
Kamsale Kaisale,No existe puntuacion
Nandeesha,Valoración: 39%
See You,Valoración: 76%
Gokula Krishna,No existe puntuacion
Samsaaradalli Golmaal,No existe puntuacion
Atmadan,Valoración: 69%
Kashala Udyachi Baat,No existe puntuacion
Venuto al mondo,No existe puntuacion
Kalaya Tasmai Namaha,No existe puntuacion
Parie,Valoración: 66%
Manjunatha BA LLB,No existe puntuacion
Gandhi Smiles,No existe puntuacion
Lady Boss,Valoración: 100%
Bhagirathi,No existe puntuacion
Jaihind,No existe puntuacion
Bhagavantha Kai Kotta,No existe puntuacion
Kiladi Kitty,No existe puntuacion
Preethiya Loka,No existe puntuacion
Crazy Loka,No existe puntuacion
Devanahalli,No existe puntuacion
Hai Krishna,No existe puntuacion
12 AM Madhyarathri,No existe puntuacion
Villain,No existe puntuacion
Gowri Putra,No existe puntuacion
Silence,Valoración: 62%
Magadi,No existe puntuacion
Aravinda,84%
Toofan,Valoración: 50%
O Preethiye,Valoración: 39%
Sidda Ganga,Valoración: 39%
Paper Dhoni,No existe puntuacion
Snehitaru,No existe puntuacion
Rana,No existe puntuacion
Navika,No existe puntuacion
18th Cross,Valoración: 11%
Cyber Yugadol Nava Yuva Madhura Prema Kavyam,No existe puntuacion
Shiva,No existe puntuacion
Naagavalli,No existe puntuacion
Alemari,No existe puntuacion
Indina Satya,No existe puntuacion
Kweiba,Valoración: 39%
Aa Marma,No existe puntuacion
De Jueves a Domingo,No existe puntuacion
National Theatre Live: Antigone,"Valoración: 7,2/10"
Paradies: Liebe,Valoración: 79%
Celeste & Jesse Forever,70%
La proie et l'ombre,88%
Balumama,No existe puntuacion
Mala Ek Chanas Hava,No existe puntuacion
Laulu koti-ikävästä,No existe puntuacion
Bazarer Kuli,No existe puntuacion
Burned Nests,No existe puntuacion
The Domino Effect,No existe puntuacion
Smoke Screen,No existe puntuacion
E Shudhu Amar Gaan,No existe puntuacion
Darling,No existe puntuacion
Hridoye Lekho Naam,No existe puntuacion
Comeback,No existe puntuacion
Passport,No existe puntuacion
Pather Sesh Kothay,No existe puntuacion
Atmatyag,Valoración: 39%
Sector V,No existe puntuacion
Om Shanti,Valoración: 80%
Abhiman - Astitwer Larai,No existe puntuacion
Prem Leela,No existe puntuacion
Ek Tuku Chhoya Lage,No existe puntuacion
Borolar Ghor,No existe puntuacion
Palatak,No existe puntuacion
Love History,Valoración: 40%
Gundaraj,No existe puntuacion
Ek Je Chilo Bhooter Chana,No existe puntuacion
Ullas,No existe puntuacion
Bhalobashar 2nd Marriage,No existe puntuacion
Chhoan,Valoración: 85%
Zameen,No existe puntuacion
Prem Bibhrat,No existe puntuacion
Keno Mon Take Chay,No existe puntuacion
Hariye Jaai,No existe puntuacion
Jaal,No existe puntuacion
Adhikar,No existe puntuacion
Shudhu Tomake Chai,No existe puntuacion
Amrita,No existe puntuacion
Haatchhani,No existe puntuacion
Se Amar Mon Kereche,No existe puntuacion
Ragging,No existe puntuacion
Chaal - The Game Begins,No existe puntuacion
3 Kanya,No existe puntuacion
One Hit from Home,Valoración: 40%
Bhallu Sardar,No existe puntuacion
Phire Eso Tumi,No existe puntuacion
Banphool,No existe puntuacion
Inertia,No existe puntuacion
Qudajonlar,No existe puntuacion
Sukanya Tu Aahes Tar Mi Aahe Aamhi Aahot,No existe puntuacion
Sol & Nott,No existe puntuacion
Big Miracle,74%
Deadline,Valoración: 0%
Disconnect,Valoración: 71%
Säilöttyjä unelmia,No existe puntuacion
Aufgeputscht,Valoración: 39%
A New Mentality,Valoración: 51%
Dhagedore,No existe puntuacion
Bait,44%
I Am Nasrine,67%
Bel Ami,28%
"Nono, het Zigzag Kind",71%
Broken,62%
Quartet,Valoración: 80%
Xiangyang po chuanshuo,No existe puntuacion
Último Chá,39%
Rise of the Guardians,Valoración: 74%
6 Foot Rule,Valoración: 86%
Bachelors 2,No existe puntuacion
Veerangam,Valoración: 64%
10th Class Lo,No existe puntuacion
Devasthanam,No existe puntuacion
Gandharvulu,No existe puntuacion
Seeta Weds Sriram,No existe puntuacion
Balaraju Aadi Bamardi,No existe puntuacion
Maa Oorilo Okasari Emi Jarigindante,No existe puntuacion
Love Chesthe,Valoración: 40%
Yadartha Prema Katha,No existe puntuacion
The Odd Life of Timothy Green,36%
The Prep School Negro,No existe puntuacion
Eka Varchad Ek,No existe puntuacion
Columbus Circle,37%
Mig älskar ingen,No existe puntuacion
Freedom,Valoración: 97%
Stitch in Time,No existe puntuacion
Une Estonienne à Paris,25%
Diente por diente,17%
Forgiveness 2,No existe puntuacion
Hyde Park on Hudson,37%
Tempest,No existe puntuacion
Larry Has Left the Building,No existe puntuacion
Cosmopolis,67%
Finding John Smith,No existe puntuacion
The Lorax,Valoración: 54%
Fallen Skyes,Valoración: 79%
Chand Ke Pare,No existe puntuacion
Untitled,64%
Ring di Alarm!,No existe puntuacion
Mr. Pip,47%
Ud af mørket,No existe puntuacion
Roulette City,No existe puntuacion
The Iceman,Valoración: 67%
Forgetting the Girl,75%
Foreign Letters,Valoración: 47%
Garbage,Valoración: 22%
Made in Denmark: The Movie,No existe puntuacion
Our Last Supper,56%
Krupno u totalu,Valoración: 39%
The Paperboy,45%
Autumn Mixtape,Valoración: 75%
House Arrest,Valoración: 44%
Three Grams of a Dream,No existe puntuacion
Charlie,No existe puntuacion
"La Marea, Crónica de un Reencuentro",No existe puntuacion
Au secours,No existe puntuacion
A Lot Like You,No existe puntuacion
Saving America's Horses: A Nation Betrayed,No existe puntuacion
Gut,Valoración: 55%
Two Shadows,No existe puntuacion
Trampoline,No existe puntuacion
Dark Tide,Valoración: 0%
Un amor de película,93%
The Deposition,Valoración: 86%
Married but Living Single,No existe puntuacion
Lost in the Crack,Valoración: 53%
The Moving Panorama of Pilgrim's Progress,60%
School - Spirituality Through Classrooms,No existe puntuacion
Hope,Valoración: 75%
Weekend Getaway,No existe puntuacion
Document,Valoración: 39%
Backroad,No existe puntuacion
Determinism,No existe puntuacion
Seyis,No existe puntuacion
Delusions of Grandeur,No existe puntuacion
Contraband,Valoración: 51%
Aglaja,No existe puntuacion
Goodbye Promise,No existe puntuacion
Five Hours South,No existe puntuacion
Ridi Pagliaccio,No existe puntuacion
Smitty,Valoración: 77%
Byzantium,66%
Soda Springs,Valoración: 57%
Bao mi qia qia,No existe puntuacion
Hope Springs,75%
Crave,Valoración: 29%
Lac du Flambeau,No existe puntuacion
The Professional Idiot,No existe puntuacion
Hated,No existe puntuacion
The Last Push,42%
A Crooked Line,Valoración: 69%
Advise & Dissent,No existe puntuacion
Casualties of the State,No existe puntuacion
Blood Kisses,No existe puntuacion
Girl's Love,No existe puntuacion
Poe,No existe puntuacion
The Seasoning House,Valoración: 21%
Hypnotisören,29%
Stones in the Sun,No existe puntuacion
The Motel Life,70%
D'Agostino,Valoración: 22%
Revan,No existe puntuacion
The Master,85%
Devils Inside,Valoración: 6%
Casablanca Mon Amour,No existe puntuacion
Wedding Day,No existe puntuacion
Seeking Nirvana,No existe puntuacion
Lost Child?,Valoración: 58%
Romanzo di una strage,No existe puntuacion
In Montauk,Valoración: 15%
Day of the Flowers,58%
For Greater Glory: The True Story of Cristiada,20%
Portrait of a Zombie,71%
Born & Raised,Valoración: 25%
How I Spent My Summer Vacation,No existe puntuacion
Kolesarji v temi,No existe puntuacion
Vidhata,75%
Changing the Game,Valoración: 83%
For Ellen,67%
Nahrani me z besedami,No existe puntuacion
Die Vermessung der Welt,45%
Vir,No existe puntuacion
Dirty Old Town,No existe puntuacion
Missing Pieces,No existe puntuacion
Axed,Valoración: 8%
House at the End of the Street,Valoración: 12%
What to Expect When You're Expecting,23%
If I Were You,13%
"I, Anna",Valoración: 61%
Snabba cash II,50%
Yellow,Valoración: 33%
Dom över död man,No existe puntuacion
Avant que mon coeur bascule,No existe puntuacion
WWW.,Valoración: 39%
American Maniacs,No existe puntuacion
Maladies,5%
LOL: Laughing Out Loud,14%
Assim assim,No existe puntuacion
The Woman in Black,66%
Par amour,Valoración: 93%
To the Wonder,47%
Altered States of Plaine,100%
Cleanskin,53%
Acts of Godfrey,8%
Zero One,No existe puntuacion
2 Days in New York,67%
Amour,No existe puntuacion
The Son of an Afghan Farmer,No existe puntuacion
Monday Morning,No existe puntuacion
Seven Africans,No existe puntuacion
The Pharmacist,No existe puntuacion
The Vow,32%
Süskind,57%
The Inside,19%
Happy,Valoración: 78%
Kon-Tiki,82%
Little Red Wagon,45%
Savages,Valoración: 50%
Look at Me,Valoración: 88%
Booked Out,No existe puntuacion
The We and the I,Valoración: 70%
Hush Hush,No existe puntuacion
Adventures in the Sin Bin,53%
Couleur de peau: Miel,No existe puntuacion
My Name Is Faith,No existe puntuacion
Ventanas al mar,No existe puntuacion
Vares - Kaidan tien kulkijat,No existe puntuacion
Channel News,Valoración: 39%
Miss Lovely,56%
Chasing Mavericks,33%
Not That Funny,Valoración: 67%
Baztan,No existe puntuacion
Betsy & Leonard,No existe puntuacion
Grassroots,50%
Strawberry Fields,60%
Inheritance,No existe puntuacion
Delta Zulu,No existe puntuacion
Mars et Avril,48%
O Gorila,87%
"Syngué sabour, pierre de patience",84%
Locked in a Room,No existe puntuacion
The Hot Potato,Valoración: 27%
Citadel,Valoración: 57%
Eye of the Hurricane,Valoración: 80%
Strangers,Valoración: 49%
Dead by Friday,No existe puntuacion
Suspicion,Valoración: 74%
Sandbar,No existe puntuacion
Laurence Anyways,84%
No Strings 2: Playtime in Hell,No existe puntuacion
Nighthawks,Valoración: 71%
The Impossible,82%
Trauma Team,No existe puntuacion
Freeing Joshua,Valoración: 12%
186 Dollars to Freedom,No existe puntuacion
Dysfunctional Friends,53%
Riwayat,Valoración: 85%
Your American Teen,No existe puntuacion
Serena and the Ratts,No existe puntuacion
Thérèse Desqueyroux,52%
Raven's Cabin,No existe puntuacion
The Comedian,Valoración: 50%
Mental,No existe puntuacion
Paixão,83%
The Secret,No existe puntuacion
À perdre la raison,Valoración: 39%
Borrowed Time,Valoración: 77%
The Perks of Being a Wallflower,85%
"Era Uma Vez Eu, Verônica",No existe puntuacion
16-Love,Valoración: 59%
La demora,Valoración: 33%
Private Peaceful,63%
Deadfall,35%
Study,Valoración: 39%
Sneeuwwitje,49%
Ghosts with Shit Jobs,70%
All I've Got,No existe puntuacion
The Twilight Saga: Breaking Dawn - Part 2,49%
The Sapphires,91%
Dishonorable Vendetta,No existe puntuacion
Painting Bolinas,No existe puntuacion
Pandemia,No existe puntuacion
The Presence of Joseph Chaikin,No existe puntuacion
Mighty Fine,18%
Hannah Arendt,88%
Nobô no shiro,No existe puntuacion
Todos tenemos un plan,No existe puntuacion
Artists in Residence: The Story of the Acme Artists Community,No existe puntuacion
Falling Away,Valoración: 33%
Life! Camera Action...,Valoración: 100%
Pharmakon,"Valoración: 6,3/10"
Must Come Down,No existe puntuacion
Jump,Valoración: 47%
Wish You Were Here,71%
5th of a Degree,No existe puntuacion
La araña vampiro,No existe puntuacion
Conquering the Rose,No existe puntuacion
Bye Bye Blondie,33%
Bro',Valoración: 58%
War Flowers,Valoración: 42%
Vous n'avez encore rien vu,86%
How Do You Write a Joe Schermann Song,77%
Nebo za nas 3D,No existe puntuacion
Technically Crazy,No existe puntuacion
The Scrapper,No existe puntuacion
Hirokin,9%
Nice Guy,91%
Win by Fall,No existe puntuacion
Treis meres eftyhias,No existe puntuacion
Memorial Day,Valoración: 63%
Penguin fûfu no tsukurikata,No existe puntuacion
The Guilt Trip,Valoración: 37%
Lost Angeles,No existe puntuacion
Sunset Stories,Valoración: 83%
Dragoi ehiztaria,No existe puntuacion
Captive,Valoración: 42%
Future Weather,93%
Fast Girls,Valoración: 83%
Archaeology of a Woman,43%
Divorced Dudes,No existe puntuacion
Ek Main Aur Ekk Tu,67%
"Joshua Tree, 1951: A Portrait of James Dean",60%
Chronicle,Valoración: 85%
Playing the Moldovans at Tennis,No existe puntuacion
Peloton,No existe puntuacion
Tezz,16%
Les Misérables,70%
Charlie Don't Surf,"Valoración: 8,7/10"
Joyful Noise,Valoración: 32%
O Grande Kilapy,No existe puntuacion
Ultimate Christian Wrestling,No existe puntuacion
Sweet Old World,No existe puntuacion
Caroline and Jackie,80%
The Children's Republic,No existe puntuacion
Meena,No existe puntuacion
Midnight's Children,Valoración: 41%
Beauty and the Least: The Misadventures of Ben Banks,75%
Puhdistus,No existe puntuacion
Visionary,No existe puntuacion
People Like Us,53%
Solomon Grundy,No existe puntuacion
Should've Been Romeo,No existe puntuacion
Generation Um...,0%
The Grief Tourist,33%
StreetDance 2,41%
Detroit Unleaded,69%
Mariage à Mendoza,31%
Kaddisch für einen Freund,60%
All You Can Dream,77%
Autoreiji: Biyondo,Valoración: 50%
The Callers,Valoración: 89%
Thirst,Valoración: 86%
Shiawase no pan,No existe puntuacion
Musashino-sen no shimai,No existe puntuacion
What You Will,No existe puntuacion
10 timer til Paradis,No existe puntuacion
Doktor Rej i djavoli,No existe puntuacion
11·25 jiketsu no hi: Mishima Yukio to wakamono-tachi,Valoración: 22%
Black & White in Colors,No existe puntuacion
10 jours en or,28%
Where the Sea Used to Be,No existe puntuacion
Darling Companion,21%
Three Days,Valoración: 50%
Born Wild,Valoración: 30%
Abril en Nueva York,No existe puntuacion
Bekas,Valoración: 85%
Eden,85%
Undskyld jeg forstyrrer,No existe puntuacion
The Hyacinth Girl,Valoración: 39%
Fatalis,No existe puntuacion
A Sister's Call,89%
Francine,60%
Empty Rooms,No existe puntuacion
Snow White and the Huntsman,49%
Foreclose,Valoración: 0%
Dragon Eyes,18%
The Woods,Valoración: 89%
Happy You're Alive,No existe puntuacion
Broadway's Finest,86%
Qualia,Valoración: 39%
Relativity,Valoración: 12%
SR: Saitama no rappâ - Rôdosaido no toubousha,No existe puntuacion
Just 45 Minutes from Broadway,18%
Che sau,No existe puntuacion
The House of Malik,No existe puntuacion
Little Red,No existe puntuacion
Mapa Para Conversar,No existe puntuacion
Yuma,Valoración: 100%
Die Wand,77%
Last Kind Words,37%
Lonely,Valoración: 47%
Manalive,No existe puntuacion
Kono sora no hana: Nagaoka hanabi monogatari,No existe puntuacion
Tiger Eyes,63%
Veer!,No existe puntuacion
Moonrise Kingdom,No existe puntuacion
Red Lights,Valoración: 31%
Chroniques sexuelles d'une famille d'aujourd'hui,No existe puntuacion
3 of a Kind,Valoración: 79%
La castración,95%
Hemel,Valoración: 33%
Toy Masters,No existe puntuacion
Post Tenebras Lux,53%
Naked As We Came,60%
The Forest Is Red,No existe puntuacion
Les adieux à la reine,93%
Häätanssi,No existe puntuacion
Aima,No existe puntuacion
Desperate Endeavors,85%
The Rule of Law,No existe puntuacion
Across the Mile,Valoración: 93%
Extracted,Valoración: 47%
Life Just Is,31%
Blue Like Jazz,39%
Unconditional,Valoración: 75%
Stud Life,Valoración: 14%
Ill Manors,77%
Playground of Dreams,No existe puntuacion
"Nancy, Please",Valoración: 89%
Noches Desveladas,No existe puntuacion
Arbitrage,Valoración: 87%
Killing Them Softly,Valoración: 74%
The First Time,Valoración: 50%
Winter,No existe puntuacion
Stony Ridge,No existe puntuacion
Best Laid Plans,50%
Djúpið,94%
In the Dark Half,67%
Population: 2,Valoración: 11%
Mona,No existe puntuacion
Hvidsten gruppen,"Valoración: 6,6/10"
Poslednyaya skazka Rity,88%
The Giant Mechanical Man,70%
Shadow Dancer,84%
Trade of Innocents,0%
Foxfire,68%
Dozens of Sand,No existe puntuacion
Ship of Theseus,95%
Transatlantic Coffee,68%
A Man of Honor,Valoración: 42%
Summer in Provence,Valoración: 48%
Kovasikajuttu,No existe puntuacion
Nate and Margaret,80%
Themes & Intermissions,No existe puntuacion
Drinking Games,No existe puntuacion
Kauwboy,Valoración: 70%
The Jeffrey Dahmer Files,65%
Anna Karenina,63%
Jayne Mansfield's Car,35%
Biba struja,No existe puntuacion
40 Point Plan,No existe puntuacion
Zwei Leben,Valoración: 92%
Fetih 1453,40%
Cilveki tur/Lyudi tam,No existe puntuacion
First Time Loser,Valoración: 24%
Tanemaku tabibito: Minori no cha,No existe puntuacion
Chittagong,Valoración: 62%
Vuosaari,Valoración: 39%
Töte mich,No existe puntuacion
Talaash,Valoración: 82%
Nicodemus,No existe puntuacion
Ontologica! or a Brief Explanation of Absolutely Everything that is Known about Absolutely Everything,20%
Simon Killer,77%
Demons and Doors,Valoración: 39%
Zero Dark Thirty,91%
In Love with Alma Cogan,No existe puntuacion
Pilgrim Song,Valoración: 33%
Struck by Lightning,Valoración: 33%
Ruhm,51%
Finding Francis,No existe puntuacion
Free Samples,Valoración: 63%
Chasing Home,No existe puntuacion
Indemnity,Valoración: 84%
Wie zwischen Himmel und Erde,No existe puntuacion
A Beautiful Game,No existe puntuacion
Nobels testamente,No existe puntuacion
7 días en La Habana,40%
Tengo ganas de ti,Valoración: 65%
Achtste Groepers Huilen Niet,80%
2 Jacks,No existe puntuacion
After,No existe puntuacion
Blind Turn,80%
"Love, Gloria",20%
All Those Yesterdays,No existe puntuacion
Dead Herring,No existe puntuacion
Travelling Salesman,61%
The Sinner,90%
Lærkevej - til døden os skiller,No existe puntuacion
Io e te,Valoración: 67%
Step Up 4 Miami Heat,Valoración: 41%
Miss Farkku-Suomi,No existe puntuacion
Robo Jî,Valoración: 23%
Exit 727,No existe puntuacion
Die Männer der Emden,"Valoración: 5,8/10"
The End of Our Lives,No existe puntuacion
Quand je serai petit,50%
Meeting Evil,13%
Jävla pojkar,"Valoración: 6,1/10"
Diary of a Butterfly,No existe puntuacion
Me Again,Valoración: 70%
Freelancers,Valoración: 30%
Stand Off,34%
Rehén de ilusiones,No existe puntuacion
Dubaï Flamingo,No existe puntuacion
The Playroom,52%
Spin,No existe puntuacion
Frank,No existe puntuacion
Ernest et Célestine,98%
"Allez, Eddy!",No existe puntuacion
Bakugyaku famîria,No existe puntuacion
Girl in Progress,33%
I Hate Toronto: A Love Story,No existe puntuacion
La vie d'une autre,No existe puntuacion
The Place Beyond the Pines,78%
The Losing Hand,No existe puntuacion
Angel Falls in Love,No existe puntuacion
38 témoins,32%
Sassy Pants,50%
People v. The State of Illusion,17%
Rebelle,No existe puntuacion
Black & White & Sex,68%
Il posto,No existe puntuacion
Greetings from Tim Buckley,72%
Hanyut,Valoración: 39%
A Perfect Ending,Valoración: 48%
Beyond Control,No existe puntuacion
Sogno farfalle quantiche,No existe puntuacion
Always san-chôme no yûhi '64,67%
Flying Blind,50%
Offender,70%
Decision,No existe puntuacion
Sparrows Dance,93%
Jaque mate!,No existe puntuacion
After Death,Valoración: 47%
The Next Day,No existe puntuacion
Hayabusa: Harukanaru kikan,No existe puntuacion
Berlin Telegram,No existe puntuacion
La barbacoa,No existe puntuacion
Randgänger,No existe puntuacion
Ici-bas,No existe puntuacion
California Winter,No existe puntuacion
Dukhless,Valoración: 75%
Petunia,20%
Le retour du fils,No existe puntuacion
In the Hive,No existe puntuacion
Spike Island,Valoración: 43%
The End of Love,Valoración: 59%
Passion,Valoración: 33%
Maudit soit le jour,Valoración: 8/10
Best Day Ever: Aiden Kesler 1994-2011,No existe puntuacion
Viette,Valoración: 39%
Ánima,No existe puntuacion
5 Shells,22%
For the Glory,No existe puntuacion
Tandem Hearts,No existe puntuacion
Blues for Willadean,80%
Deep in the Heart,64%
Carmen G,No existe puntuacion
The Thompsons,Valoración: 31%
Tenchi meisatsu,76%
Berberian Sound Studio,Valoración: 86%
Careless Love,86%
Errors of the Human Body,75%
Das Wochenende,No existe puntuacion
Journey of a Story,Valoración: 45%
Glück,Valoración: 77%
Iniquity,No existe puntuacion
Noor,Valoración: 57%
Great Expectations,Valoración: 69%
"Chiapas, el Corazón del Café",No existe puntuacion
La vallée des larmes,No existe puntuacion
Australian Enemy,No existe puntuacion
With Her,Valoración: 94%
The Magic of Belle Isle,30%
The Words,24%
After the Dawn,Valoración: 33%
Le thé ou l'électricité,80%
Ruby Sparks,79%
El sexo de los ángeles,No existe puntuacion
Young Europe,Valoración: 77%
Hotel du Paradis,No existe puntuacion
Forgotten Soldiers,No existe puntuacion
Ambuli,No existe puntuacion
The Pelayos,40%
Par les épines,No existe puntuacion
A Última Vez Que Vi Macau,91%
Nick,Valoración: 75%
Damarukam,No existe puntuacion
The Martini Shot,No existe puntuacion
Skopje Remixed,No existe puntuacion
Yema,No existe puntuacion
Inescapable,17%
Like Someone in Love,83%
El sexo de las madres,No existe puntuacion
Besties,No existe puntuacion
Los Traficantes,79%
Apartment 4E,Valoración: 29%
Mekong Hotel,67%
The Black Dove,No existe puntuacion
Falling Uphill,No existe puntuacion
Refuge,Valoración: 33%
Price Check,Valoración: 62%
Après mai,Valoración: 81%
Chinese Burns,"Valoración: 7,9/10"
Operación E,62%
Imagine,Valoración: 80%
El regreso,No existe puntuacion
Reality,Valoración: 80%
Runaway,Valoración: 48%
Posti in piedi in paradiso,No existe puntuacion
Xue di zi,Valoración: 39%
La montaña rusa,No existe puntuacion
Le sac de farine,Valoración: 39%
J'enrage de son absence,No existe puntuacion
The Wish,No existe puntuacion
La Jubilada,No existe puntuacion
"Sin otoño, sin primavera",No existe puntuacion
Essa Maldita Vontade de Ser Pássaro,No existe puntuacion
Spring Eddy,No existe puntuacion
Superstar,Valoración: 19%
Agneepath,Valoración: 92%
Fasle kargadan,65%
"Okaeri, Hayabusa",No existe puntuacion
To Write Love on Her Arms,Valoración: 58%
Why Stop Now?,25%
Sweetwater,25%
Little Dancer,No existe puntuacion
Circle of Lies,No existe puntuacion
Top Priority: The Terror Within,33%
Re ai dao,No existe puntuacion
Dracula 3D,17%
Zhauzhürek myng bala,68%
I fonissa,No existe puntuacion
Redlegs,No existe puntuacion
"California, 90420",No existe puntuacion
Django Unchained,87%
Ex-Girlfriends,29%
Dreamworld,50%
Marvin Seth and Stanley,No existe puntuacion
Blancanieves,95%
Den skaldede frisør,75%
Gaigimet,No existe puntuacion
Kleine Morde,No existe puntuacion
Hamilton: I nationens intresse,46%
Das ist ja das Leben selbst!,No existe puntuacion
End of Watch,85%
Just Like a Woman,13%
Hamilton: Men inte om det gäller din dotter,23%
We Run Sh*t,No existe puntuacion
Live East Die Young,No existe puntuacion
N'Kara,No existe puntuacion
Sleep Debt,No existe puntuacion
Refuge from the Storm,75%
Not Waving But Drowning,58%
Recalled,No existe puntuacion
Ve stínu,Valoración: 39%
Hayride,20%
Safety Not Guaranteed,91%
"Love, Lies and Seeta",100%
A Moral Conjugal,No existe puntuacion
Hidden Moon,Valoración: 42%
Paradis perdu,No existe puntuacion
The Day Hollywood Died,Valoración: 31%
Tie pohjoiseen,Valoración: 39%
Confession of a Child of the Century,0%
Danland,No existe puntuacion
The Sessions,91%
The Most Fun You Can Have Dying,31%
The Samaritan,Valoración: 26%
Ashes,14%
Duresori: The Voice of East,No existe puntuacion
Bokura ga ita: Zenpen,No existe puntuacion
The Sleeping Warrior,No existe puntuacion
Filly Brown,42%
Wolf Dog,73%
El Pozo,No existe puntuacion
"My Father, Who Art in Nature",No existe puntuacion
Wir wollten aufs Meer,No existe puntuacion
Won't Back Down,35%
Things I Don't Understand,Valoración: 88%
Odinokiy ostrov,No existe puntuacion
Liberal Arts,Valoración: 71%
Dog Years,No existe puntuacion
Finding Focus,No existe puntuacion
Bhobhar - The Live Ash,No existe puntuacion
Hello Herman,20%
Aquí y allá,No existe puntuacion
Into the White,Valoración: 45%
Las voces,71%
Sparkle,57%
Breve storia di lunghi tradimenti,No existe puntuacion
La Noche de Enfrente,95%
The Unlikely Girl,17%
The Boarder,No existe puntuacion
Arakawa andâ za burijji: The Movie,No existe puntuacion
Gekijouban SPEC: Ten,No existe puntuacion
Adopted ID,Valoración: 19%
Gossip Nation,No existe puntuacion
Static,22%
Murder Dance,Valoración: 14%
Changing Diego,No existe puntuacion
Chamada a Cobrar,No existe puntuacion
Rock Me to Sleep,Valoración: 37%
Hitting the Cycle,No existe puntuacion
Knuckleheads,No existe puntuacion
Dublin in Pieces,Valoración: 71%
Field of Amapolas,No existe puntuacion
Best Man Down,31%
Good Deeds,36%
La leggenda di Kaspar Hauser,No existe puntuacion
Ustanicka ulica,No existe puntuacion
Nor'easter,No existe puntuacion
El muerto y ser feliz,No existe puntuacion
Halley,Valoración: 50%
Le jour des corneilles,78%
È stato il figlio,No existe puntuacion
Quiz,No existe puntuacion
Gyakuten saiban,66%
Rondo,No existe puntuacion
Beyond the Trophy,No existe puntuacion
Villains,No existe puntuacion
A.C.A.B. - All Cops Are Bastards,65%
Lukewarm,80%
Ruta de la luna,No existe puntuacion
Cowgirls 'n Angels,78%
Awaken,52%
Venus in Eros,Valoración: 71%
Model Minority,40%
11 settembre 1683,31%
The Letter,Valoración: 10%
Material,Valoración: 56%
Cvjetni trg,No existe puntuacion
Margarine Wars,20%
Quelques heures de printemps,50%
Klip,Valoración: 50%
Comes a Bright Day,38%
Cherchez Hortense,58%
Nobody Walks,Valoración: 41%
Flight,Valoración: 77%
Hardflip,Valoración: 56%
LUV,Valoración: 34%
The Dinosaur Project,29%
Red Sheep,No existe puntuacion
Saving Julian,Valoración: 95%
Tôkyô ni kita bakari,No existe puntuacion
Comme un chef,Valoración: 49%
Home: Itoshi no Zashiki Warashi,No existe puntuacion
Simurg,Valoración: 39%
Foodfight!,11%
Life's a Beach,38%
The Three Stooges,51%
Gambit,Valoración: 18%
Acorralados,4%
Os Penetras,No existe puntuacion
Persona Au Gratin,No existe puntuacion
Sushi in Suhl,"Valoración: 6,3/10"
A Thousand Words,0%
Escape from Planet Earth,Valoración: 33%
Elliot Loves,Valoración: 53%
The Do-Deca-Pentathlon,78%
The Babymakers,8%
Hotel Transylvania,Valoración: 45%
Whatever Happened to Pete Blaggit?,No existe puntuacion
Sir Billi,Valoración: 0%
The Nightclub Days,Valoración: 25%
Jewtopia,18%
Freaky Deaky,86%
The Trouble with Cali,No existe puntuacion
The Significant Other,No existe puntuacion
Faut pas pousser Mémé dans les orties (Stageplay),No existe puntuacion
Rise To Stand-Up,No existe puntuacion
Weekend Movie,No existe puntuacion
Darlene's Revenge,Valoración: 69%
The People I've Slept With,27%
Last Days In Waldo County,No existe puntuacion
RiffTrax: The Hunger Games,84%
RiffTrax: Captain America: The First Avenger,80%
Naughty Professor,Valoración: 64%
Iron Sky,41%
The Story of Luke,83%
Silver Linings Playbook,92%
Song for Marion,Valoración: 66%
Parental Guidance,18%
Chasing Happiness,75%
The Bird Who Saved the World,Valoración: 68%
Sophomore,No existe puntuacion
Dark Shadows,35%
BuzzKill,25%
Driving Me Crazy: Proof of Concept,"Valoración: 6,2/10"
"Zdraste, priekhali!",No existe puntuacion
Prigode kmeta Pajota 2,No existe puntuacion
Sej Taiyar Sajaniya Farar,No existe puntuacion
A Man Without a Country,No existe puntuacion
Winou Baba?,No existe puntuacion
Cinecitta,No existe puntuacion
Ghabrestane Gheyre Entefaei,No existe puntuacion
Mr Bhatti on Chutti,No existe puntuacion
The Fock n Rollers,No existe puntuacion
Lay the Favorite,Valoración: 18%
Frankenweenie,Valoración: 88%
Perfection,No existe puntuacion
Teippaaja Pro elokuva,No existe puntuacion
Had Ho Gayi,No existe puntuacion
Little Big Boy,No existe puntuacion
Cheerful Weather for the Wedding,37%
Delhi Safari,20%
Young Guns: The Lumberjack Edition,Valoración: 43%
Hello Cô Ba,No existe puntuacion
From Moscow or Not,40%
Colegas,No existe puntuacion
My Wife's Friend's Wedding,Valoración: 54%
The Five-Year Engagement,64%
Commander and Chief,82%
Montana Amazon,No existe puntuacion
Yorinuki Gintama-san on Theater 2D - Shinsengumi Douran Hen,No existe puntuacion
Lavu ka laath,No existe puntuacion
Brave,Valoración: 79%
Dropping Evil,Valoración: 57%
Dakota Picture,No existe puntuacion
That's My Boy,Valoración: 20%
21 Jump Street,Valoración: 85%
Yorinuki Gintama-san on Theater 2D: Kabuki Chou Shitennou Hen,No existe puntuacion
Mariachi Gringo,43%
Hwaiting paemili,No existe puntuacion
Ons Dorp,Valoración: 11%
Deceduti Wara L-Ahhar Tad-Dinja,No existe puntuacion
Watching TV with the Red Chinese,40%
Small Apartments,30%
Dixie Times,No existe puntuacion
Madagascar 3: Europe's Most Wanted,78%
Uchla Re Uchla,No existe puntuacion
Kaleidoscope,Valoración: 49%
Leelai,No existe puntuacion
Overnight,Valoración: 36%
The Watch,Valoración: 16%
Seeking a Friend for the End of the World,55%
Apples and Oranges,No existe puntuacion
Laila Tip Top Chhaila Angutha Chhap (chhattisgarhi),No existe puntuacion
Becoming Blond,No existe puntuacion
Dino Time,36%
Freeloaders,23%
The One-Nighter,No existe puntuacion
Rock of Ages,42%
Gedayan Tehran,No existe puntuacion
Fairhaven,47%
BBA: The Unsung Ballad of the Rise & Fall of the World's Worst Band,No existe puntuacion
A Night at the Silent Movie Theater,No existe puntuacion
¡Qué Detectives!,No existe puntuacion
Betty I Am,No existe puntuacion
Ja Be Ja,No existe puntuacion
Cockneys vs Zombies,Valoración: 76%
The Unbookables,No existe puntuacion
Miss Communication,Valoración: 82%
Magic Boys,No existe puntuacion
Kaashh,Valoración: 39%
Stand Up Guys,Valoración: 37%
VeggieTales: The Little Drummer Boy!,75%
Journey 2: The Mysterious Island,45%
Captain India,No existe puntuacion
Celeste & Jesse Forever,70%
Men in Black 3,67%
The Search for Kennyboy,No existe puntuacion
Sap ji sang ciu,No existe puntuacion
Pequeños vagos,No existe puntuacion
Heart Land,Valoración: 45%
Qudajonlar,No existe puntuacion
Endi dadam boydoq,No existe puntuacion
The Pirates! In an Adventure with Scientists!,78%
Christmas with RiffTrax: Santa's Village of Madness,No existe puntuacion
Quartet,Valoración: 80%
Rendez nous Jésus,No existe puntuacion
Rise of the Guardians,Valoración: 74%
Pawn Shop,No existe puntuacion
The Odd Life of Timothy Green,36%
Heroes & Zeros,No existe puntuacion
Last Call,No existe puntuacion
Diente por diente,17%
Dorm of the Dead,No existe puntuacion
Hyde Park on Hudson,37%
Larry Has Left the Building,No existe puntuacion
Potong Bebek Angsa,No existe puntuacion
Eddie,Valoración: 60%
The Lorax,54%
30 Beats,Valoración: 5%
Ring di Alarm!,No existe puntuacion
Zambezia,Valoración: 25%
Foreign Letters,Valoración: 47%
Garbage,Valoración: 22%
The Revelation of Tim Richardson,No existe puntuacion
Nature Calls,5%
Tim Hawkins: Push Pull Point Pow,No existe puntuacion
Our Last Supper,56%
House Arrest,44%
Stetson'd,No existe puntuacion
The Evolution of Andrew Andrews,72%
Somebody's Hero,76%
Zettl,0%
Un amor de película,93%
A Beer Tale,64%
Donzilla,No existe puntuacion
Ceské nebe,No existe puntuacion
Weekend Getaway,No existe puntuacion
Good Satan,No existe puntuacion
Hoogspanning,Valoración: 4%
Tortoise in Love,45%
Grabbers,70%
Melvin Smarty,No existe puntuacion
Bao mi qia qia,No existe puntuacion
Vorrei vederti ballare,No existe puntuacion
Hope Springs,75%
The Professional Idiot,No existe puntuacion
Playing for Keeps,5%
Vamps,Valoración: 58%
Zombageddon,No existe puntuacion
Up&Down,No existe puntuacion
Smoked,Valoración: 31%
Mama Minta Pulsa,No existe puntuacion
Types: A Minorly Magical Journey,No existe puntuacion
Atom the Amazing Zombie Killer,60%
10Terrorists,No existe puntuacion
Suave patria,46%
Day of the Flowers,58%
Portrait of a Zombie,71%
Goats,19%
Dirty Old Town,No existe puntuacion
The Captain of Nakara,No existe puntuacion
Hopeless Virgins in Love,No existe puntuacion
Camp Virginovich,No existe puntuacion
What to Expect When You're Expecting,23%
If I Were You,13%
Qwerty,No existe puntuacion
LOL: Laughing Out Loud,14%
Assim assim,No existe puntuacion
This Means War,Valoración: 26%
Asterix en Obelix bij de Britten,No existe puntuacion
One for the Money,2%
Pub Crawl,Valoración: 69%
Disappearing Bakersfield,No existe puntuacion
2 Days in New York,67%
American Reunion,Valoración: 45%
Hulluna Saraan,No existe puntuacion
My Uncle Rafael,20%
Marco Macaco,19%
"A Girl, a Guy, a Space Helmet",No existe puntuacion
Booked Out,No existe puntuacion
Think Like a Man,54%
Adventures in the Sin Bin,53%
ParaNorman,89%
Queens of Country,No existe puntuacion
Channel News,Valoración: 39%
Nipples & Palm Trees,38%
Not That Funny,Valoración: 67%
Betsy & Leonard,No existe puntuacion
Grassroots,50%
Project X,Valoración: 29%
Ted,Valoración: 69%
Russendisko,Valoración: 39%
Love or Whatever,Valoración: 39%
Zombies from Outer Space,No existe puntuacion
The Dictator,56%
Here Comes the Boom,42%
Sandbar,No existe puntuacion
Breaking Wind,18%
POP-U-larity!,No existe puntuacion
Türkisch für Anfänger,No existe puntuacion
Freeing Joshua,Valoración: 12%
Dysfunctional Friends,53%
What If People Died,No existe puntuacion
Le magasin des suicides,71%
Wanderlust,Valoración: 59%
Mental,No existe puntuacion
Eliminate: Archie Cookson,No existe puntuacion
Borrowed Time,Valoración: 77%
Fun Size,25%
Bloody Bloody Bible Camp,17%
Crazy Eyes,25%
16-Love,Valoración: 59%
Hood Boogas: The Movie,No existe puntuacion
Silver Case,No existe puntuacion
Ice Age: Continental Drift,Valoración: 37%
Sneeuwwitje,49%
Long-Distance Princess,No existe puntuacion
Back in Nam,No existe puntuacion
Ghosts with Shit Jobs,70%
The Sapphires,91%
The Presence of Joseph Chaikin,No existe puntuacion
Mighty Fine,18%
Nobô no shiro,No existe puntuacion
Crna Zorica,No existe puntuacion
Caesar and Otto's Deadly Xmas,No existe puntuacion
Must Come Down,No existe puntuacion
Pie Head: A Kinda' True Story,No existe puntuacion
I Heart Shakey,42%
Indie Jonesing,No existe puntuacion
Bye Bye Blondie,33%
Tash Force,60%
Vous n'avez encore rien vu,86%
How Do You Write a Joe Schermann Song,77%
Vamperifica,12%
You Can't Kill Stephen King,15%
Technically Crazy,No existe puntuacion
Hillbilly Highway,No existe puntuacion
The Guilt Trip,Valoración: 37%
Lost Angeles,No existe puntuacion
Sunset Stories,Valoración: 83%
Der kleine Rabe Socke,No existe puntuacion
Girl Most Likely,23%
We the Party,Valoración: 28%
Strippers vs Werewolves,22%
Casa de mi Padre,42%
Divorced Dudes,No existe puntuacion
Delivering the Goods,No existe puntuacion
Vinyl,No existe puntuacion
Ek Main Aur Ekk Tu,67%
Nesting,Valoración: 0%
Playing the Moldovans at Tennis,No existe puntuacion
Earthbound,50%
Lola Versus,36%
Joyful Noise,Valoración: 32%
O Grande Kilapy,No existe puntuacion
The Inventors,No existe puntuacion
Ultimate Christian Wrestling,No existe puntuacion
Beauty and the Least: The Misadventures of Ben Banks,75%
Moya bezumnaya semya,No existe puntuacion
Piranha 3DD,11%
Bending the Rules,Valoración: 33%
The Discoverers,85%
Mulligan,Valoración: 93%
Murt Ramirez Wants to Kick My Ass,No existe puntuacion
Dead in France,No existe puntuacion
People Like Us,53%
Should've Been Romeo,No existe puntuacion
Detroit Unleaded,69%
Mariage à Mendoza,31%
Kaddisch für einen Freund,60%
Exit Strategy,22%
Sur la piste du Marsupilami,36%
All You Can Dream,77%
Shiawase no pan,No existe puntuacion
Junk,No existe puntuacion
Rzhevskiy protiv Napoleona,No existe puntuacion
Impávido,Valoración: 39%
Byc jak Kazimierz Deyna,43%
Doktor Rej i djavoli,No existe puntuacion
She Wants Me,Valoración: 53%
10 jours en or,28%
Bol Bachchan,71%
Where the Sea Used to Be,No existe puntuacion
My Life as Abraham Lincoln,No existe puntuacion
Darling Companion,21%
Unicorn City,68%
Three Days,Valoración: 50%
Yankoheit 27,No existe puntuacion
Karaoke Man,No existe puntuacion
Undskyld jeg forstyrrer,No existe puntuacion
Cheesecake Casserole,41%
Any Questions for Ben?,Valoración: 59%
Utahime,No existe puntuacion
Foreclose,Valoración: 0%
Carol Channing: Larger Than Life,90%
Broadway's Finest,86%
SR: Saitama no rappâ - Rôdosaido no toubousha,No existe puntuacion
Butcher Boys,0%
DisOrientation,30%
Jesse Thunderwake: American Icon,No existe puntuacion
Into the Zone: The Story of the Cacophony Society,No existe puntuacion
Manalive,No existe puntuacion
Un jour mon père viendra,20%
Let's Make a Movie,No existe puntuacion
Frohes Schaffen - Ein Film zur Senkung der Arbeitsmoral,No existe puntuacion
Veer!,No existe puntuacion
Moonrise Kingdom,No existe puntuacion
Chroniques sexuelles d'une famille d'aujourd'hui,No existe puntuacion
Art Machine,No existe puntuacion
Toy Masters,No existe puntuacion
The Ghastly Love of Johnny X,68%
Music High,Valoración: 7%
Desperate Endeavors,Valoración: 85%
Poslednji kaskader,Valoración: 39%
Benvenuti al nord,No existe puntuacion
Blue Like Jazz,39%
This Is 40,51%
The First Time,Valoración: 50%
Save Your Legs!,33%
8 Minutes Idle,38%
Las aventuras de Tadeo Jones,No existe puntuacion
That's What She Said,8%
C'mon Man,Valoración: 94%
Broken Down,No existe puntuacion
So Undercover,6%
A Big Love Story,No existe puntuacion
The Giant Mechanical Man,70%
Pervertigo,No existe puntuacion
Outside Bet,Valoración: 0%
Frankie Go Boom,45%
Wreck-It Ralph,Valoración: 87%
Transatlantic Coffee,68%
Anything Goes,No existe puntuacion
Podaa Podi,33%
Kovasikajuttu,No existe puntuacion
Love You to Death,Valoración: 20%
3 Days of Normal,Valoración: 50%
According to Plan,No existe puntuacion
Nate and Margaret,80%
Zombie Hamlet,95%
The Normals,62%
Noseland,No existe puntuacion
John Dies at the End,60%
Money Shot,No existe puntuacion
The Wife Master,No existe puntuacion
Risto Räppääjä ja viileä Venla,No existe puntuacion
The Campaign,66%
Ontologica! or a Brief Explanation of Absolutely Everything that is Known about Absolutely Everything,20%
In Love with Alma Cogan,No existe puntuacion
Struck by Lightning,Valoración: 33%
Two Little Boys,No existe puntuacion
Free Samples,Valoración: 63%
La vérité si je mens! 3,22%
2 Jacks,No existe puntuacion
"Love, Gloria",20%
Dead Herring,Valoración: 100%
Lærkevej - til døden os skiller,No existe puntuacion
Miss Farkku-Suomi,No existe puntuacion
Robo Jî,Valoración: 23%
The Tao of Pinochet,No existe puntuacion
FDR: American Badass!,59%
Me Again,Valoración: 70%
Nitro Circus: The Movie,6%
Dubaï Flamingo,No existe puntuacion
Kill Me Now,Valoración: 71%
Ernest et Célestine,98%
"Allez, Eddy!",No existe puntuacion
Girl in Progress,33%
I Hate Toronto: A Love Story,No existe puntuacion
La vie d'une autre,No existe puntuacion
Angel Falls in Love,No existe puntuacion
Himitsu no Akko-chan,No existe puntuacion
Sassy Pants,50%
Mondomanila: Kung paano ko inayos ang buhok ko matapos ang mahaba-haba ring paglalakbay,No existe puntuacion
Sogno farfalle quantiche,No existe puntuacion
Scumbus,No existe puntuacion
Sparrows Dance,93%
After Death,Valoración: 47%
KWAK or Kassandra with a K,No existe puntuacion
Dukhless,Valoración: 75%
Petunia,20%
Spike Island,Valoración: 43%
Of All the Things,Valoración: 35%
Cinema Six,Valoración: 82%
Best Day Ever: Aiden Kesler 1994-2011,No existe puntuacion
Crack Whore,No existe puntuacion
Supernatural Activity,16%
Ann Richards' Texas,No existe puntuacion
Ausgerechnet Sibirien,No existe puntuacion
Three Night Stand,60%
The Baytown Outlaws,23%
Junkie,Valoración: 0%
Mon Ami,80%
Yin shi nan nü - Hao yuan you hao jin,5%
"Route 30, Too!",No existe puntuacion
The Magic of Belle Isle,30%
Ruby Sparks,79%
Cinta Kura Kura,No existe puntuacion
Le colis,Valoración: 11%
Hantu Kapcai,No existe puntuacion
Ace the Zombie: The Motion Picture,No existe puntuacion
Skopje Remixed,No existe puntuacion
Assisted Fishing,Valoración: 68%
The Bike Heist,No existe puntuacion
Falling Uphill,No existe puntuacion
Sand Sharks,14%
Price Check,Valoración: 62%
La cerise sur le gâteau,No existe puntuacion
Reality,Valoración: 80%
Posti in piedi in paradiso,No existe puntuacion
Ira Finkelstein's Christmas,44%
La montaña rusa,No existe puntuacion
The Walkaround,No existe puntuacion
Omuraisu,No existe puntuacion
Why Stop Now?,25%
Goltzius and the Pelican Company,79%
Trattoria,Valoración: 67%
Re ai dao,No existe puntuacion
Les seigneurs,No existe puntuacion
Ni pies ni cabeza,No existe puntuacion
"California, 90420",No existe puntuacion
Ex-Girlfriends,29%
Dreamworld,50%
Marvin Seth and Stanley,No existe puntuacion
Den skaldede frisør,75%
Gaigimet,No existe puntuacion
Tim and Eric's Billion Dollar Movie,38%
Lefty Loosey Righty Tighty,No existe puntuacion
Niko 2 - lentäjäveljekset,No existe puntuacion
Pictures of Superheroes,No existe puntuacion
To Rome with Love,47%
"Wer's glaubt, wird selig",No existe puntuacion
Rhymes with Banana,No existe puntuacion
Kath & Kimderella,26%
Safety Not Guaranteed,91%
"Love, Lies and Seeta",100%
Moving Day,Valoración: 38%
Tie pohjoiseen,Valoración: 39%
Detention of the Dead,50%
The Sessions,91%
Mancation,No existe puntuacion
Bad Kids Go to Hell,44%
How to Sell a Banksy,No existe puntuacion
Hellbenders,Valoración: 30%
Reef 'n' Beef,No existe puntuacion
Terumae romae,46%
Sione's 2: Unfinished Business,46%
Rock Jocks,42%
"Clara, no es nombre de mujer",No existe puntuacion
Another Dirty Movie,No existe puntuacion
Uchû kyôdai,No existe puntuacion
Si caii sunt verzi pe pereti,No existe puntuacion
Un bonheur n'arrive jamais seul,100%
Tom Green Live,No existe puntuacion
Mac & Devin Go to High School,62%
Super Zeroes,No existe puntuacion
Liberal Arts,Valoración: 71%
Dog Years,No existe puntuacion
Lost and Found in Armenia,Valoración: 68%
Burlesque Assassins,74%
Supporting Characters,86%
Marcelo,No existe puntuacion
La Noche de Enfrente,95%
Plastic Films,Valoración: 14%
Night of the Living Dead 3D: Re-Animation,8%
Excuse Me for Living,14%
The Knot,0%
2nd Serve,No existe puntuacion
Arakawa andâ za burijji: The Movie,No existe puntuacion
Gossip Nation,No existe puntuacion
Murder Dance,Valoración: 77%
Changing Diego,No existe puntuacion
Girls Gone Dead,12%
Noobz,43%
Race War: The Remake,No existe puntuacion
Best Man Down,31%
Good Deeds,36%
Paris-Manhattan,43%
Astro Zombies: M4 - Invaders from Cyberspace,No existe puntuacion
El muerto y ser feliz,No existe puntuacion
È stato il figlio,No existe puntuacion
Gyakuten saiban,66%
Welcome to Harlem,No existe puntuacion
Material,Valoración: 56%
Margarine Wars,20%
Wrong,Valoración: 65%
Il comandante e la cicogna,Valoración: 27%
La suerte en tus manos,30%
Cherchez Hortense,58%
Alter Egos,23%
"Bis zum Horizont, dann links!",No existe puntuacion
Comme un chef,Valoración: 49%
Afuro Tanaka,No existe puntuacion
A Little Bit Zombie,43%
Magic Mike,78%
Yoko,Valoración: 33%
Joker,Valoración: 0%
Bachelorette,Valoración: 56%
Jesus liebt mich,No existe puntuacion
Promoción fantasma,"Valoración: 5,5/10"
Plan C.,Valoración: 96%
Neverbloomers: The Search for GrownUphood,No existe puntuacion
Omamamia,Valoración: 55%
The Angels' Share,89%
Commentary,Valoración: 39%
Bailout,No existe puntuacion
Electric Man,Valoración: 20%
Bad Ass,Valoración: 20%
Payback Jack,Valoración: 56%
Nocni brodovi,No existe puntuacion
Arthur Newman,20%
Seven Psychopaths,Valoración: 83%
Thanks for Sharing,51%
Les fameux Gars,Valoración: 39%
"Yes, We're Open","Critic Reviews for Yes, We're Open. There are no critic reviews yet for Yes, We're Open. Keep checking Rotten Tomatoes for updates!"
Min søsters børn alene hjemme,No existe puntuacion
Not Suitable for Children,Valoración: 88%
Semi-Soet,No existe puntuacion
The ABCs of Death,Valoración: 38%
Please Kill Mr. Know It All,44%
El invitado de piedra,No existe puntuacion
Hannah Has a Ho-Phase,90%
The Brass Teapot,31%
Incompatibles,Valoración: 51%
How to Score Your Life,No existe puntuacion
Sadda Adda,No existe puntuacion
Fuglekikkeren,No existe puntuacion
"Was weg is, is weg",No existe puntuacion
Italian Movies,No existe puntuacion
Des morceaux de moi,57%
Pension Freiheit,No existe puntuacion
Una pistola en cada mano,54%
Gladiatori di Roma,No existe puntuacion
Day of a Thousand Screams,No existe puntuacion
Missed Connections,43%
Locked in a Garage Band,No existe puntuacion
Holiday Road,Valoración: 94%
Larisa empisteftiko,No existe puntuacion
Blame It on Obama,No existe puntuacion
Anleitung zum Unglücklichsein,"Valoración: 2,4"
Funeral Kings,90%
Oh Boy,Valoración: 77%
Canela,Valoración: 38%
Charm,Valoración: 43%
Boyz Nite Out/Grrlz Nite in,No existe puntuacion
Gangs of Wasseypur,Valoración: 94%
Comics Open,No existe puntuacion
Space Milkshake,96%
The Nullarbor Nymph,No existe puntuacion
The Art of Killing Bigfoot: A Tragic Story of Love and Loss,No existe puntuacion
Balas & Bolinhos: O Último Capítulo,No existe puntuacion
Cruz del Sur,"Valoración: 6,3/10"
Ata Pata Lapatta,No existe puntuacion
No More Games,No existe puntuacion
The Zombie Christ,"Valoración: 4,7/10"
Christmas in Compton,52%
In the Shadows of Grey Gardens,No existe puntuacion
Del lado del verano,No existe puntuacion
That's Beautiful Frank,No existe puntuacion
Run for Your Wife,Valoración: 0%
Stealing Roses,No existe puntuacion
Sanghaj,Valoración: 71%
Save the Date,Valoración: 47%
La grosse commission,93%
La clinique de l'amour!,29%
General Education,Valoración: 0%
Com'è bello far l'amore,No existe puntuacion
Dead Dad,No existe puntuacion
Fraktus - Das letzte Kapitel der Musikgeschichte,No existe puntuacion
"Liars, Fires and Bears",78%
"12+1, una comedia metafísica",No existe puntuacion
Sisterhood of Death,No existe puntuacion
Congratulations,No existe puntuacion
Workers - Pronti a tutto,No existe puntuacion
The Man Who Shook the Hand of Vicente Fernandez,40%
A Liar's Autobiography: The Untrue Story of Monty Python's Graham Chapman,No existe puntuacion
Bloody 27,No existe puntuacion
All in Good Time,Valoración: 64%
Overbooked,No existe puntuacion
Molly's Girl,74%
Putzel,Valoración: 39%
Plus,Valoración: 39%
Housefull 2,25%
Donkey Love,Valoración: 40%
Among Friends,17%
Songs for Amy,17%
Viaje a Surtsey,No existe puntuacion
Pitch Perfect,Valoración: 82%
Buschka entdeckt Deutschland,No existe puntuacion
Excision,Valoración: 86%
Love Me Not,No existe puntuacion
The Test,No existe puntuacion
Single Hills,No existe puntuacion
Ever Last,No existe puntuacion
Un plan parfait,33%
Theresa Is a Mother,77%
Dead Before Dawn 3D,26%
My Best Day,Valoración: 73%
Adventures Into the Woods: A Sexy Musical,No existe puntuacion
Robot & Frank,86%
The Polterguys,No existe puntuacion
Dust Up,No existe puntuacion
Halloween Party,No existe puntuacion
Je me suis fait tout petit,No existe puntuacion
El yazisi,No existe puntuacion
Wild Is the Wind,Valoración: 63%
The Wingman,No existe puntuacion
Firefall: An Epic Family Adventure,No existe puntuacion
Just Crazy Enough,25%
It's a Disaster,79%
"For a Good Time, Call...",Valoración: 57%
Fat Kid Rules the World,84%
First World Problems,Valoración: 87%
"Il était une fois, une fois",No existe puntuacion
Trailer Park Jesus,Valoración: 44%
At Stake: Vampire Solutions,No existe puntuacion
Craptastic!,27%
PerfectMatch,No existe puntuacion
Cassos,No existe puntuacion
Breathless,39%
The United,Valoración: 70%
Papadopoulos & Sons,71%
A Fantastic Fear of Everything,Valoración: 33%
The Fourth Dimension,Valoración: 37%
BearCity 2: The Proposal,74%
Divorce Invitation,23%
Le grand soir,No existe puntuacion
Les vacances de Ducobu,19%
The Kitchen,Valoración: 34%
Scenes from a Gay Marriage,18%
The Secret Disco Revolution,Valoración: 43%
Potechi,Valoración: 39%
Sztos 2,No existe puntuacion
Juju Movie: Get Rich or Die Trying,17%
Brothers,Valoración: 73%
Sexually Frank,No existe puntuacion
Somebody Up There Likes Me,86%
Curiosity Killed the Cat,No existe puntuacion
"Little Women, Big Cars",No existe puntuacion
The Wedge,No existe puntuacion
Confessions of a Self-Hating Jew,No existe puntuacion
Diary of a Wimpy Kid: Dog Days,52%
Dicke Mädchen,No existe puntuacion
Sightseers,86%
Trashology,"Valoración: 4,3/10"
Com Um Pouco de Fé,No existe puntuacion
Kyaa Super Kool Hain Hum,14%
Love Bite,No existe puntuacion
Sûpu: Umarekawari no monogatari,No existe puntuacion
Poker Face,98%
Walk-ins Welcome,No existe puntuacion
The Poor Boys,No existe puntuacion
My Last Valentine in Beirut in 3D,No existe puntuacion
Mr. Viral,Valoración: 100%
The Wedding Video,Valoración: 67%
Red Scare,No existe puntuacion
Gekijôban Ôran kôkô hosutobu,No existe puntuacion
Mann tut was Mann kann,No existe puntuacion
Alien Uprising,9%
Rélasumé,"Valoración: 1,9/10"
Thunderstruck,Valoración: 27%
Don't Change the Subject,No existe puntuacion
La ballata dei precari,No existe puntuacion
Beauty Is Embarrassing,91%
Mont Reve,No existe puntuacion
Brother Drop Dead,No existe puntuacion
The Last Two Years of David Brachman,No existe puntuacion
Shoplifting from American Apparel,"Valoración: 5,6/10"
A Glimpse Inside the Mind of Charles Swan III,16%
Percival's Big Night,No existe puntuacion
The Case of Fortune,Valoración: 51%
Tony Ezzy Gets a Job,No existe puntuacion
Hart Attack: First Gear,No existe puntuacion
Mayhem Behind Movies,Valoración: 46%
Männer zum Knutschen,No existe puntuacion
Trash Dance,100%
A Low Life Mythology,No existe puntuacion
Woggie,Valoración: 39%
Silent But Deadly,87%
Sanctuary; Quite a Conundrum,57%
Roundabout American,No existe puntuacion
Baat seng bou hei,No existe puntuacion
Revenge for Jolly!,27%
Dealing,No existe puntuacion
Juoppohullun päiväkirja,No existe puntuacion
Sesir profesora Koste Vujica,No existe puntuacion
Rodicas,No existe puntuacion
Hija,No existe puntuacion
Bible Storyland,No existe puntuacion
Camp Kickitoo,No existe puntuacion
How I Killed My Roommate... And Got Away with It,No existe puntuacion
Plan de table,30%
Beat Down,Valoración: 21%
Billi & Theodore,No existe puntuacion
Eden,85%
Hello I Must Be Going,75%
The Olivia Experiment,57%
"Belyy mavr, ili Intimnye istorii o moikh sosedyakh",No existe puntuacion
Theatre of the Deranged,No existe puntuacion
Miss Boys! Yûjô no yukue-hen,No existe puntuacion
Totalmente Inocentes,0%
The Confidant,No existe puntuacion
The Longer Day of Happiness,No existe puntuacion
The Monogamy Experiment,No existe puntuacion
The Locals,Valoración: 21%
"Morales, El Reformador",No existe puntuacion
Ninjas vs. Monsters,No existe puntuacion
The Entertainers,Valoración: 100%
Populaire,Valoración: 73%
Lycka till och ta hand om varandra,No existe puntuacion
Own Worst Enemy,No existe puntuacion
Ordinary Wilderness,No existe puntuacion
Shanghai Calling,53%
The Kings of Yorktown,No existe puntuacion
Kulman pojat,No existe puntuacion
Democracy at Work,60%
The King Is Dead!,Valoración: 100%
Pincus,No existe puntuacion
Jurassic Shark,14%
Vampire Dog,30%
Hoagie,Valoración: 12%
"Puppe, Icke & der Dicke",No existe puntuacion
Ms. Remembered,No existe puntuacion
Hassel - Privatspanarna,No existe puntuacion
God's Country,Valoración: 50%
Dipso,Valoración: 39%
An Oversimplification of Her Beauty,82%
The Crumbles,No existe puntuacion
Casting Me...,No existe puntuacion
Trans Bavaria,No existe puntuacion
Eddie Goines and Friends Presents: The Time Is Now,No existe puntuacion
Fourplay,No existe puntuacion
Back Then,No existe puntuacion
The Last Man(s) on Earth,Valoración: 85%
Ashnaee ba Leila,No existe puntuacion
The Ballad of Hugh,No existe puntuacion
3Simoa,No existe puntuacion
Rowdy Rathore,54%
Sleepwalk with Me,84%
Despre oameni si melci,48%
Good as You,No existe puntuacion
Sover Dolly på ryggen?,No existe puntuacion
Kagi-dorobô no mesoddo,No existe puntuacion
Far til fire: Til søs,"Valoración: 3,6/10"
Bad Parents,Valoración: 14%
Her Master's Voice,80%
Mission: Hollywood,No existe puntuacion
May I Kill U?,Valoración: 13%
The Liability,61%
Amitiés sincères,No existe puntuacion
National Theatre Live: The Comedy of Errors,No existe puntuacion
D'Symmetrie vum Päiperlek,No existe puntuacion
In the Night,No existe puntuacion
Single in ATL 2,No existe puntuacion
Barfi!,Valoración: 80%
Bad Film,No existe puntuacion
Picture Day,Valoración: 80%
Zombibi,Valoración: 30%
Tady hlídám já,No existe puntuacion
Treasure Chest of Horrors,No existe puntuacion
A Beary Scary Movie,"Valoración: 7,2/10"
Gekijouban Fairy Tail: Houou no miko,No existe puntuacion
Tigre v meste,No existe puntuacion
About Face: Supermodels Then and Now,63%
Be Good,No existe puntuacion
Only the Young,Valoración: 82%
Iskateli priklyucheniy,Valoración: 39%
Bullet Ballet,No existe puntuacion
Les infidèles,30%
Los amores difíciles,No existe puntuacion
All Wifed Out,25%
Mickey Matson and the Copperhead Conspiracy,57%
Country Girl,75%
Undocumented Executive,100%
A Mug's Game,No existe puntuacion
55th & 7th,Valoración: 42%
Nativity 2: Danger in the Manger!,36%
The Row,Valoración: 17%
Francis of Brooklyn,No existe puntuacion
Bindlestiffs,40%
Charing's Angles,No existe puntuacion
This Is How I Roll,Valoración: 67%
Generation Baby Buster,No existe puntuacion
The Exquisite Corpse Project,78%
Thirsty Blackwaters Karaoke Showdown,No existe puntuacion
Much Ado About Nothing,86%
Nous York,16%
More Than Stars,No existe puntuacion
Hit and Run,48%
Les saveurs du Palais,Valoración: 69%
Santa Ken: The Mad Prophet of Christmas,No existe puntuacion
The Man from Orlando,Valoración: 80%
L,39%
L'oncle Charles,Valoración: 0%
Breakdown Reward,No existe puntuacion
Attack of the 50 Foot Cheerleader,17%
Bodyguard,Valoración: 38%
10 regole per fare innamorare,No existe puntuacion
Paper Cuts,No existe puntuacion
Láska je láska,No existe puntuacion
Los Chidos,Valoración: 39%
Tsuna hiichatta!,No existe puntuacion
Life's an Itch,20%
La banda Picasso,No existe puntuacion
Les papas du dimanche,No existe puntuacion
Beast Wishes,No existe puntuacion
Radiostars,54%
Will Power,Valoración: 77%
Mes héros,Valoración: 23%
Atomnyy Ivan,No existe puntuacion
Haolam Mats'hik,67%
Megane wo kakete mask wo suruto itsumo kumoru,No existe puntuacion
Flimmer,No existe puntuacion
Ctyri slunce,Valoración: 39%
ThanksKilling 3,Valoración: 28%
Who's Watching the Kids,No existe puntuacion
The Skinny,55%
Vasaku jala reede,No existe puntuacion
Gayby,90%
Ikiterumono wa inainoka,No existe puntuacion
Jackie,Valoración: 56%
My Awkward Sexual Adventure,63%
Comme des frères,No existe puntuacion
Visi Suli Gsurs,No existe puntuacion
The Comedy,Valoración: 50%
The Brothers Cannibal,No existe puntuacion
Hawk(e): The Movie,"Valoración: 8,2/10"
One Night in L.A.,Valoración: 98%
Dabangg 2,33%
Old Stock,Valoración: 75%
Mobile Home,Valoración: 59%
Serie B,No existe puntuacion
The Rocka,Valoración: 42%
Poola Rangadu,No existe puntuacion
Ella ja kaverit,No existe puntuacion
Big Bad Bugs,No existe puntuacion
Folklore,No existe puntuacion
Welcome to Shirley,No existe puntuacion
Unter Frauen,55%
Black Out,45%
Blueman,No existe puntuacion
Coming of Age Films,No existe puntuacion
The Taiwan Oyster,No existe puntuacion
30° couleur,Valoración: 0%
Smrt coveka na Balkanu,Valoración: 83%
Parlez-moi de vous,"Valoración: 6,3/10"
As High as the Sky,Valoración: 86%
The Unusual Calling of Charlie Christmas,No existe puntuacion
"Sea, No Sex & Sun",14%
Speak to Me in Poetry,No existe puntuacion
Bypass,No existe puntuacion
Mameshiba Ichirô 3D,No existe puntuacion
El fantástico mundo de Juan Orol,No existe puntuacion
Ferrari Ki Sawaari,55%
Anterusan no hana,No existe puntuacion
Al Shearer: The Other Black Guy Running for President in 2012,No existe puntuacion
Ai wo utau yori ore ni oborero!,No existe puntuacion
Tôkyô mujirushi joshi monogatari,No existe puntuacion
Tango Macbeth,No existe puntuacion
The Magic Hour,No existe puntuacion
Elvis Found Alive,33%
Captain Slickpants,No existe puntuacion
The Nefarious Octavarius,Valoración: 33%
Paikaji nankai sakusen,No existe puntuacion
Love: Masaokun ga iku!,No existe puntuacion
Joven y Alocada,No existe puntuacion
Stitches,Valoración: 42%
Close Quarters,No existe puntuacion
Kueki ressha,No existe puntuacion
Nazi Apocalypse,No existe puntuacion
Gummô ebian!,No existe puntuacion
Kosnice,Valoración: 39%
Tere Naal Love Ho Gaya,45%
In Search of the American Dream,No existe puntuacion
Offroad,Valoración: 60%
I Declare War,72%
Get Serious,No existe puntuacion
8 Reels of Sewage,No existe puntuacion
Material Success,No existe puntuacion
Exit Elena,80%
Celebrity Sex Tape,23%
Happily Never After,No existe puntuacion
East of the Tar Pits,No existe puntuacion
The Bitter Buddha,94%
The Marriage Chronicles,40%
Tak fajn,No existe puntuacion
Suburban Backlot,No existe puntuacion
Padmasree Bharat Dr. Saroj Kumar,"Valoración: 4,7/10"
Soul of Rock,Valoración: 92%
Maximum Summer,No existe puntuacion
Note to Self,62%
El encamado,Valoración: 39%
Hang Loose,33%
Gimme the Loot,91%
Berlin Kaplani,37%
Kurtulus Son Durak,Valoración: 65%
I am an American: The Movie,No existe puntuacion
Sen Kimsin?,32%
Télé gaucho,No existe puntuacion
Else to Where,Valoración: 39%
Nongkrong,No existe puntuacion
Jules Dongu Saves the World,No existe puntuacion
Umbkotid,Valoración: 39%
Morph,No existe puntuacion
Öz Hakiki Karakol: Asayis Berkemal Aga...,No existe puntuacion
Pipí Mil Pupú 2 Lucas,No existe puntuacion
Uncle Usin,Valoración: 39%
Bu Son Olsun,No existe puntuacion
Pity Party,No existe puntuacion
Berani Punya Budak,No existe puntuacion
Le monde doit m'arriver?,Valoración: 39%
Gabe the Cupid Dog,No existe puntuacion
Indie Kids,Valoración: 87%
Richard's Wedding,71%
Z'olushka,No existe puntuacion
The Naughty Room,80%
Double Top,No existe puntuacion
Let Me Out,No existe puntuacion
3 Temujanji,No existe puntuacion
Jangan pandang-pandang,No existe puntuacion
Jidin sengal,No existe puntuacion
Hawaiian Shirt Tuesday,No existe puntuacion
Bert: The Emotion Picture,No existe puntuacion
Hollywood a GoGo,No existe puntuacion
Its a Girl Thing: MKA and the Explosion of the Girls Tween Market,No existe puntuacion
Keith Lemon: The Film,0%
Smoking Gunn,Valoración: 31%
Red Flag,Valoración: 74%
Ridere fino a volare,No existe puntuacion
Cash Flow,No existe puntuacion
Ôsama to boku,No existe puntuacion
La máquina que escupe monstruos y la chica de mis sueños,"Valoración: 4,9/10"
The Sound of Small Things,No existe puntuacion
Copposites,No existe puntuacion
Narenji Poush,No existe puntuacion
Two Hundred Thousand Dirty,Valoración: 57%
Get a Job,Valoración: 9%
Struggles in Opposition,No existe puntuacion
Turkey Day,No existe puntuacion
In Tents,No existe puntuacion
Chob Kod Like Chai Kod Love,No existe puntuacion
Daylight Savings,No existe puntuacion
"Gangsters, Guns & Zombies",24%
The Perfect Wedding,Valoración: 44%
Motion for Action,No existe puntuacion
Nos plus belles vacances,No existe puntuacion
God Bless Vegas,Valoración: 18%
Greenfish420,No existe puntuacion
The Forbidden Four,No existe puntuacion
Generation Me,No existe puntuacion
Vai pro Gol,No existe puntuacion
Da Pinche Code,No existe puntuacion
A Cigarette for the Road,Valoración: 64%
Soft Gun.,No existe puntuacion
Operazione vacanze,No existe puntuacion
Mallu Singh,0%
Sao ren,No existe puntuacion
Room 13 Part 2,No existe puntuacion
Mother Keder: Emakku Ajaib Bener,No existe puntuacion
Moy paren - angel,No existe puntuacion
The Touchstone,No existe puntuacion
CattMannDoo's the Movie,Valoración: 39%
Twin Brides,No existe puntuacion
The Coexist Comedy Tour,100%
Herodias,Valoración: 39%
Kimmy Dora and the Temple of Kiyeme,44%
Death of Love,Valoración: 59%
Receiver,No existe puntuacion
Dying 2 Meet U,No existe puntuacion
Knight Knight,No existe puntuacion
Insônia,95%
Amin Khahim Goft,No existe puntuacion
Grimas,No existe puntuacion
Chefu,Valoración: 49%
Je fais feu de tout bois,No existe puntuacion
Revaka plus,No existe puntuacion
Khiladi 786,Valoración: 0%
Stars 80,No existe puntuacion
Una donna per la vita,No existe puntuacion
Ishtam,No existe puntuacion
Hazz Said,Valoración: 79%
Z HUNTERS: Bring on the DEAD!,Valoración: 89%
Foodfight!,11%
John Carter,Valoración: 52%
Clutch,No existe puntuacion
Red Tails,40%
Jack Reacher,63%
Gallowwalkers,11%
The Avengers,91%
The Sweeney,45%
Evangelion Shin Gekijôban: Kyu,65%
The Amazing Spider-Man 3D,Valoración: 71%
The Courier,10%
The Avengers Assemble Premiere,91%
The Hunger Games Premiere,84%
Weekend Movie,Valoración: 95%
Iron Sky,41%
Transit,50%
The Amazing Adventures of the Living Corpse,52%
Skyfall,92%
The Girl from the Naked Eye,40%
Art of Submission,No existe puntuacion
Reading vs Tottenham Hotspur,No existe puntuacion
Manchester United vs Tottenham Hotspur,No existe puntuacion
Tottenham Hotspur vs Queens Park Rangers,No existe puntuacion
Mountain Mafia,No existe puntuacion
Da nao tian gong 3D,No existe puntuacion
The Bourne Legacy,56%
Yorinuki Gintama-san on Theater 2D - Shinsengumi Douran Hen,No existe puntuacion
21 Jump Street,85%
Red Dawn,15%
The Awakened,64%
Yorinuki Gintama-san on Theater 2D: Kabuki Chou Shitennou Hen,No existe puntuacion
The Waters: Phase One,No existe puntuacion
El Juego Final,25%
Agent 07: Agent Framed,No existe puntuacion
In God We Trust,48%
The Man with the Iron Fists,51%
Aandhi Toofan,No existe puntuacion
Khuni Dangal,No existe puntuacion
The Invisible Enemy: Black Fox AudioBook,No existe puntuacion
Ascension 2,No existe puntuacion
USS Seaviper,10%
The Life Kung-Fu,No existe puntuacion
Looper,93%
Supernatural Swamp Slaughter,"Valoración: 5,1/10"
Crime Story,No existe puntuacion
Yaare Koogadali,No existe puntuacion
The Legends of Nethiah,43%
Bullet to the Head,45%
Man from Shaolin,29%
Astra,77%
Boogie Town,No existe puntuacion
St George's Day,18%
Dredd,80%
The Dark Knight Rises,87%
Cockneys vs Zombies,76%
The Cold Light of Day,4%
Ticket Out,No existe puntuacion
Total Recall,31%
The Hunger Games,84%
Agent Vinod,40%
Taken 2,22%
Journey 2: The Mysterious Island,45%
Men in Black 3,67%
Outpost: Black Sun,17%
Sap ji sang ciu,25%
Sleeper,35%
Bait,44%
Battleship,34%
Rise of the Guardians,74%
Diente por diente,17%
Dorm of the Dead,No existe puntuacion
Potong Bebek Angsa,No existe puntuacion
Ud af mørket,No existe puntuacion
Our Last Supper,56%
Underworld: Awakening,25%
Mercury in Retrograde/The Mercury Chronicles,No existe puntuacion
Dark Tide,0%
Beneath Area 51,13%
Empress Vampire,No existe puntuacion
Contraband,51%
Bullet Ballet,No existe puntuacion
Grabbers,70%
Heart String Marionette,89%
Kung Fu Man,No existe puntuacion
Cárteles unidos,86%
Casualties of the State,No existe puntuacion
Premium Rush,75%
Swine,92%
Smoked,31%
How I Spent My Summer Vacation,No existe puntuacion
Man on a Ledge,31%
Changing the Game,83%
Robin Hood: Ghosts of Sherwood,3%
Vir,No existe puntuacion
Snabba cash II,50%
Act of Valor,28%
Lockout,Valoración: 38%
This Means War,26%
Cleanskin,53%
One for the Money,2%
Safe House,53%
Abraham Lincoln: Vampire Hunter,34%
The Frontier Boys,76%
Savages,50%
Paan Singh Tomar,89%
After Effect,Valoración: 0%
Night Is Day: The Movie,No existe puntuacion
Degenerate,No existe puntuacion
Delta Zulu,No existe puntuacion
Erased,No existe puntuacion
Wrath of the Titans,26%
Here Comes the Boom,42%
No Strings 2: Playtime in Hell,No existe puntuacion
The Last Act,No existe puntuacion
186 Dollars to Freedom,No existe puntuacion
Serena and the Ratts,No existe puntuacion
Safe,60%
Stolen,19%
Universal Soldier: Day of Reckoning,57%
Silver Case,No existe puntuacion
Dishonorable Vendetta,No existe puntuacion
Soldiers of Fortune,14%
Falling Away,33%
Indie Jonesing,No existe puntuacion
Legend of Hell,No existe puntuacion
Bro',58%
Gorkha rakshyak,No existe puntuacion
Nebo za nas 3D,No existe puntuacion
The Scrapper,No existe puntuacion
Hirokin,9%
Memorial Day,63%
Strippers vs Werewolves,22%
Chronicle,85%
Peloton,No existe puntuacion
Tezz,16%
Dragon Age: Dawn of the Seeker,45%
Alex Cross,11%
Autoreiji: Biyondo,50%
Man in the Glass: The Dale Brown Story,No existe puntuacion
The Kill Hole,25%
Bol Bachchan,71%
Blood Fare,Valoración: 89%
Zima mertvetsov. Metelitsa,No existe puntuacion
Snow White and the Huntsman,49%
Dragon Eyes,18%
Broadway's Finest,86%
Relativity,Valoración: 12%
Che sau,No existe puntuacion
Butcher Boys,0%
Yuma,100%
Brutal,40%
The Way of the Spur,76%
Baiohazado: Damuneshon,Valoración: 100%
Battleground,8%
Blood Money,50%
2 Coelhos,40%
The Rule of Law,No existe puntuacion
Djúpið,94%
The Expendables 2,67%
Brigada: Naslednik,No existe puntuacion
Broken Down,No existe puntuacion
So Undercover,6%
Generation Last,No existe puntuacion
El ojo del tiburón,No existe puntuacion
Aftershock,40%
Sofia,No existe puntuacion
Fetih 1453,40%
Players,43%
Chittagong,Valoración: 62%
A Beautiful Game,No existe puntuacion
The Sinner,90%
Roughrider,No existe puntuacion
Exit 727,No existe puntuacion
FDR: American Badass!,59%
Freelancers,30%
Nitro Circus: The Movie,6%
Casanovva,45%
The Aggression Scale,100%
The Losing Hand,No existe puntuacion
Offender,70%
Birth of a Warrior,No existe puntuacion
The Baytown Outlaws,23%
Gone,12%
After the Dawn,Valoración: 33%
Ambuli,No existe puntuacion
The Pelayos,40%
Damarukam,No existe puntuacion
Skopje Remixed,No existe puntuacion
Inescapable,17%
The Bike Heist,No existe puntuacion
Sand Sharks,14%
Xue di zi,39%
Mafia,No existe puntuacion
Agneepath,92%
Champions of the Deep,40%
Zhauzhürek myng bala,Valoración: 68%
Praschan Requiem,No existe puntuacion
Hamilton: I nationens intresse,46%
End of Watch,85%
Resident Evil: Retribution,28%
Hamilton: Men inte om det gäller din dotter,23%
Jue se wu qi,No existe puntuacion
The Day Hollywood Died,31%
Detention of the Dead,50%
Futures Past,No existe puntuacion
The Samaritan,26%
Into the White,45%
Night of the Living Dead 3D: Re-Animation,8%
Culture Shock,No existe puntuacion
Last Bullet,30%
"My Village, My Lobster",No existe puntuacion
The Dark Side: Rise of Darkness,No existe puntuacion
The Package,23%
Crawlspace,20%
Billa 2,55%
Beyond the Trophy,No existe puntuacion
Frost Bite,34%
A.C.A.B. - All Cops Are Bastards,65%
Hardflip,56%
The Dinosaur Project,29%
En las Afueras de la Ciudad,No existe puntuacion
Wang de Shengyan,56%
Grupo 7,53%
Fire with Fire,7%
Electric Man,20%
Bad Ass,20%
Kill 'em All,24%
Payback Jack,73%
The 25th Reich,12%
Siodmak,No existe puntuacion
Incompatibles,51%
The Millionaire Tour,72%
The Burning Within,Valoración: 78%
The Philly Kid,37%
Gekijouban Blood-C: The Last Dark,61%
Fuglekikkeren,No existe puntuacion
Sineaters,63%
Pseudo,83%
Le guetteur,28%
Embedded,No existe puntuacion
Gangs of Wasseypur,94%
Balas & Bolinhos: O Último Capítulo,"Valoración: 5,2/10"
The King and the Commissioner,40%
The Zombie Christ,No existe puntuacion
Vettai,No existe puntuacion
À l'aveugle,4%
MoniKa,14%
Symphonys Target,No existe puntuacion
Cybornetics,No existe puntuacion
Matha,85%
Lost Woods,No existe puntuacion
Six Bullets,41%
Farworld,Valoración: 39%
Bloody 27,No existe puntuacion
Rurôni Kenshin: Meiji kenkaku roman tan,84%
Overbooked,No existe puntuacion
Tai ji 1: Cong ling kai shi,No existe puntuacion
Housefull 2,25%
True Bloodthirst,25%
Masterminds,19%
Snowblade,No existe puntuacion
Hijacked,9%
Dead Money,No existe puntuacion
El Gringo,30%
Dust Up,No existe puntuacion
Nothing Without You,100%
The United,70%
Terminal Legacy,No existe puntuacion
Sztos 2,No existe puntuacion
Hans Kloss. Stawka wieksza niz smierc,22%
Ek Tha Tiger,75%
Eurocrime! The Italian Cop and Gangster Films That Ruled the '70s,70%
Spare Time Killers,No existe puntuacion
Trigger,88%
The Wedge,No existe puntuacion
Into the Wake,No existe puntuacion
Death Yankee 2,No existe puntuacion
7 Stones,No existe puntuacion
No Mercynary,No existe puntuacion
Gothic Assassins,No existe puntuacion
Ordinary Man,41%
The Case of Fortune,Valoración: 51%
Guraffurîtâ Toki,No existe puntuacion
Brave Hearts: Umizaru,No existe puntuacion
The Shadow of Death,Valoración: 90%
No One Will Know,Valoración: 82%
The Mark,35%
Interview with a Hitman,44%
Invasor,87%
Doudege Wénkel,No existe puntuacion
Jik zin,No existe puntuacion
Hidden in Vicinity,No existe puntuacion
Regression Post Panic Film,No existe puntuacion
Dotto hakku: Sekai no mukou ni,"Valoración: 6,2/10"
"Morales, El Reformador",No existe puntuacion
Ninjas vs. Monsters,No existe puntuacion
The Deception,No existe puntuacion
Jurassic Shark,14%
Business Man,62%
Bimblebox,No existe puntuacion
The Bhai,76%
One Blood,No existe puntuacion
Rowdy Rathore,54%
009 Re:Cyborg,23%
Saints and Soldiers: Airborne Creed,55%
Bumchoiwaui junjaeng: Nabbeunnomdeul jeonsungshidae,100%
A Dark Truth,0%
Bad Film,No existe puntuacion
Zabic bobra,No existe puntuacion
Dam California,No existe puntuacion
Gekijouban Fairy Tail: Houou no miko,No existe puntuacion
Starship Troopers: Invasion,49%
Bindlestiffs,40%
Time Warrior,18%
Sayonara Speed Tribes,No existe puntuacion
Hit and Run,48%
Avgust. Vosmogo,46%
Breakdown Reward,No existe puntuacion
Bodyguard,38%
Battle Force,6%
Money Kills,Valoración: 85%
Xiao shi de zi dan,No existe puntuacion
Schutzengel,54%
Uchû senkan Yamato 2199,No existe puntuacion
Hatchet County,No existe puntuacion
Urutoraman sâga,50%
Dabangg 2,33%
Big Bad Bugs,No existe puntuacion
Black Out,45%
The Grunts,No existe puntuacion
El clan,No existe puntuacion
The Unusual Calling of Charlie Christmas,No existe puntuacion
La dernière odyssée de la Jeanne,No existe puntuacion
A Deadly Obsession,No existe puntuacion
Maximum Conviction,25%
Cibe,No existe puntuacion
Odoru daisousasen the Final: Aratanaru kibou,No existe puntuacion
Kenkichi,No existe puntuacion
Rogue Assassin,No existe puntuacion
Solid State,No existe puntuacion
Meitantei Conan: Juichi-ninme no Striker,No existe puntuacion
Offroad,60%
I Declare War,72%
Misfire,No existe puntuacion
"Furyou shounen: 3,000-nin no atama",No existe puntuacion
The Night Never Sleeps,No existe puntuacion
Osombie,19%
Drug Related 3,51%
Disparos,Valoración: 39%
Jules Dongu Saves the World,No existe puntuacion
Chow Kit,No existe puntuacion
Uncle Usin,Valoración: 39%
Berani Punya Budak,No existe puntuacion
Waterfront Nightmare,56%
Midnight Cabaret,No existe puntuacion
Black November,23%
Anna Bond,No existe puntuacion
The Ultimate Civil War Series: 150th Anniversary Edition,No existe puntuacion
15 Keys,No existe puntuacion
Cash Flow,No existe puntuacion
Lipstick and Bullets,No existe puntuacion
My Decisions,No existe puntuacion
Battle Me,No existe puntuacion
Lace Bite,No existe puntuacion
Abraxas: Day of the Warrior,84%
Mallu Singh,0%
Bad Guy,No existe puntuacion
Ayynoorum Ayynthum: 500 & 5,No existe puntuacion
Rock Ba-Casba,64%
Du zhan,No existe puntuacion
Fictionality,No existe puntuacion
Khiladi 786,0%
Goretech: Bienvenidos al planeta hijo de puta,No existe puntuacion
Broken Faith,No existe puntuacion
Voyage sans retour,No existe puntuacion
Dai jui bou,"Valoración: 6,4/10"
Dead Mine,17%
A Confident Man,No existe puntuacion
Kekkô Kamen: Ribôn,No existe puntuacion
Recognize,39%
Nippu,No existe puntuacion
Those Who Go to Hell,No existe puntuacion
The Devil Girl of Devonshire,No existe puntuacion
Son of Sardaar,29%
Piece: Kioku no kakera,No existe puntuacion
Prince of the City,No existe puntuacion
What Are Friends for,55%
Sins Expiation,0%
Shal,No existe puntuacion
Kamen Raidâ Fôze the Movie: Min'nade uchû kitâ!,No existe puntuacion
Jurisdiction,No existe puntuacion
Maximum Poulet,No existe puntuacion
Department,12%
Arena of the Street Fighter,0%
Hon zin,39%
Thuppakki,85%
Thiên menh anh hùng,No existe puntuacion
En la ciudad de la furia,No existe puntuacion
Ha-wool-ling,30%
BLOODx3,No existe puntuacion
Uprising,83%
Golden Cage,88%
Secret Asian Man - Rise of the Zodiac!,21%
Maharana Pratap: The First Freedom Fighter,No existe puntuacion
Mantera,40%
The Return of the Loch Ness Monster from Outer Space,No existe puntuacion
Rapid Response Corps,Valoración: 80%
The Wind That Blows,Valoración: 59%
The Lackey,No existe puntuacion
Latin Assassins,No existe puntuacion
Rangdari,Valoración: 39%
Training for a Fight,Valoración: 74%
Thadaiyara Thaakka,No existe puntuacion
Que Pena Tu Familia,29%
Winters,No existe puntuacion
Dead Moon Circus,No existe puntuacion
Dynasti,No existe puntuacion
Rise of the Black Bat,23%
Si da ming bu,No existe puntuacion
Because I Love You,No existe puntuacion
Muppozhudhum Un Karpanaigal,No existe puntuacion
Chakradhaar,No existe puntuacion
Alpha Must Die,75%
9mm,No existe puntuacion
Asuravithu,No existe puntuacion
Berserk: Ougon Jidai-hen I - Haou no Tamago,77%
Kamen Raidâ × Supâ Sentai: Supâ Hîrô Taisen,No existe puntuacion
Dream Big at 77,No existe puntuacion
Te Hono ki Aotearoa,No existe puntuacion
Crossing the Enemy: The Identity Crisis,No existe puntuacion
Broken Hearts,64%
5 Days in Denver,No existe puntuacion
Dirty Bomb,No existe puntuacion
The Velvet Elvis,100%
Toshokan sensô - kakumei no tsubasa,No existe puntuacion
Dogmike,No existe puntuacion
Saguni,11%
El Guitarrista - Salvador de Guitarras,No existe puntuacion
El-Maslaha,57%
The Last Eagle Scout,No existe puntuacion
Origins III: Destiny,No existe puntuacion
Under the Weight of Clouds,No existe puntuacion
H2indO,No existe puntuacion
Opposite Blood,No existe puntuacion
Bachelor Party,80%
Punto de control,No existe puntuacion
Dylan Dog: Il trillo del diavolo,No existe puntuacion
My Friends,91%
Harde Strenger,No existe puntuacion
Mafia Man: Robstown Gangster,No existe puntuacion
Montauk Rocks,No existe puntuacion
Killed Mr Killer,77%
World Champions Talk to Us,No existe puntuacion
No One Lives Forever,46%
Rebel,No existe puntuacion
Wolf Head,No existe puntuacion
Rise of the Zombies,15%
Tiktik: The Aswang Chronicles,No existe puntuacion
Bullets & Stilettos,60%
Emiti Bi Prema Hue,No existe puntuacion
A 'Brief' Case,Valoración: 18%
Guerrilla,75%
Adhinayakudu,No existe puntuacion
El Santos vs la Tetona Mendoza,72%
Big City Knights,No existe puntuacion
Nomer 1000,Valoración: 100%
3086: Robot Like a Boss,No existe puntuacion
Genghis: The Legend of the Ten,No existe puntuacion
Buzzard Country,39%
Patient Zero,11%
Maattrraan,34%
"George Biddle, CPA",No existe puntuacion
Phase Three,No existe puntuacion
The Jet Movie,Valoración: 32%
Da Wu Dang zhi tian di mi ma,No existe puntuacion
Al-too-bi: Riteon too beiseu,No existe puntuacion
The Last Road,No existe puntuacion
Slug Street Scrappers: Rise of Ryuken,No existe puntuacion
Hate Crime,No existe puntuacion
Tragedy of a Mother and Son,79%
Rollen är min,No existe puntuacion
Eega,100%
Fat Cat,No existe puntuacion
Ayaz,Valoración: 39%
I'm on Vacation,27%
Hitman,16%
Taur Mittran Di,67%
I Love You Like a Twist,No existe puntuacion
Kaos örümcek agi,No existe puntuacion
Ride Along,17%
Aidoru izu deddo,No existe puntuacion
Second Show,No existe puntuacion
Jawan of Vellimala,No existe puntuacion
The Search for Agent Z,No existe puntuacion
Kebe Tame Naha Kebe Mu Nahi,No existe puntuacion
Thaandavam,32%
Guns Don't Kill People,Valoración: 64%
Beijing Blues,50%
Move On,No existe puntuacion
Universal Ninjas,No existe puntuacion
Eiga Doraemon: Nobita to kiseki no shima - Animaru adobenchâ,No existe puntuacion
GV13 Roller Gurl:A Complicated Game-Time Love Affair,No existe puntuacion
The Dry Blade,Valoración: 90%
The Vanisher,No existe puntuacion
Alien Dawn,10%
Decade of Dominance,No existe puntuacion
Johan Falk: Kodnamn - Lisa,No existe puntuacion
Aravaan,74%
I'm Flash!,Valoración: 83%
Psychotic,0%
The Legend of the Green Mister,No existe puntuacion
Shinobidô,No existe puntuacion
She Is a Spy,84%
Kufferten,Valoración: 39%
Last Flight to Abuja,40%
Rachcha,36%
Innocent Belgium,No existe puntuacion
Road to Ninja: Naruto the Movie,80%
Shark Week,5%
Aian gâru,No existe puntuacion
A Knife Named Micky,No existe puntuacion
Chakravyuh,40%
Blood Angel,75%
Nearly Undead,No existe puntuacion
Eito renjâ,No existe puntuacion
Alegalu,No existe puntuacion
Home Invasion,No existe puntuacion
Remember,No existe puntuacion
Battle of the Kings: Rostam & Sohrab,No existe puntuacion
Jeena Hai Toh Thok Daal,No existe puntuacion
Dhammu,No existe puntuacion
Winter's Kill,No existe puntuacion
Tai ji 2: Ying xiong jue qi,45%
On the Count of 3,Valoración: 84%
Soldier of Destiny,No existe puntuacion
Puppet Master X: Axis Rising,24%
Buscando a Larisa,No existe puntuacion
Cage Fight,No existe puntuacion
Mr. Nookayya,98%
Daruvu,No existe puntuacion
Dragon Lives Nine Lives,Valoración: 40%
Gabbar Singh,88%
Middleground,33%
Khawnglung Run,No existe puntuacion
Taeter City,29%
Ishaqzaade,56%
Bao dao shuang xiong,No existe puntuacion
Gong-mo-ja-deul,No existe puntuacion
Pulska veza,No existe puntuacion
Pinoy Super Kid,No existe puntuacion
Sync,No existe puntuacion
Ante',No existe puntuacion
White Tiger,58%
Once Upon a Fight,No existe puntuacion
Fight for It,No existe puntuacion
Ikari no tekken: Lady Dragon,No existe puntuacion
The Package III: Deadfire,No existe puntuacion
War of the Worlds: Goliath,17%
God in Ruins,No existe puntuacion
Matric Fail,No existe puntuacion
Shpion,33%
Lethal Commission,No existe puntuacion
10 Metres,60%
Exhibition Drive,No existe puntuacion
Sutoraiku uicchîzu: Gekijouban,No existe puntuacion
Krishna Aur Kans,No existe puntuacion
Rules of the Game,97%
Bloody Revenge,No existe puntuacion
Bad Tara,No existe puntuacion
Naples Never Dies... It Shoots!,No existe puntuacion
Life Ki Toh Lag Gayi,No existe puntuacion
Cameraman Gangatho Rambabu,62%
Kay Sera Sera,No existe puntuacion
Rogue Hunter,No existe puntuacion
Kunduz: The Incident at Hadji Ghafur,No existe puntuacion
Barrio MMA Kid,No existe puntuacion
Ashura,62%
"Pistolet, Kufar i 3 smurdyashti varela",No existe puntuacion
Julayi,73%
Montemor,39%
Dodookdeul,71%
Without a Net,No existe puntuacion
Masters,No existe puntuacion
Swami Ayyappan,No existe puntuacion
Sins of the Dragon,No existe puntuacion
33 Days,50%
Komisarz Blond i Oko Sprawiedliwosci,No existe puntuacion
The Kult,92%
The Four,35%
Thy Will Be Done,No existe puntuacion
Maximum,No existe puntuacion
Devudu Chesina Manushulu,29%
The Golden Collars,No existe puntuacion
Agent Provocateur,No existe puntuacion
Sueño,37%
Blóðhefnd,Valoración: 39%
Dark Fist,No existe puntuacion
Shots Fired,84%
Grandmaster,79%
Duplicando,No existe puntuacion
Demon God,No existe puntuacion
A Man Called Nereus,No existe puntuacion
Lockdown: Red Moon Escape,No existe puntuacion
La Lectora,No existe puntuacion
Hattrick,No existe puntuacion
Bai wan ju e,19%
Stealth,13%
No hay lugar lejano,No existe puntuacion
Tak pakhnet lyubov,No existe puntuacion
Stone,No existe puntuacion
The Dead Men,30%
Mirza: The Untold Story,74%
Run Baby Run,72%
Karma Yodha,No existe puntuacion
Black,66%
Berserk: Ougon jidai-hen II - Dorudorei koryaku,No existe puntuacion
Sudigaadu,43%
Fighting Fish,No existe puntuacion
Silveraven,Valoración: 39%
West Lincoln,No existe puntuacion
Gan-gi-nam,No existe puntuacion
The Cantinera Documentary,No existe puntuacion
Clay Walker: Jesse James,No existe puntuacion
Mugamoodi,No existe puntuacion
Days of Suffering: Horror Fairytale,No existe puntuacion
The Lost Number,No existe puntuacion
Skull Forest,40%
Eiga Kureyon Shinchan: Arashi o yobu! Ora to uchuu to purinsesu,No existe puntuacion
Hoi-sa-won,Valoración: 57%
Project Breakwater,No existe puntuacion
One Piece Film Z,78%
The Entrapped,74%
Conspiracy,88%
Bukunja Tekunja Mitti: The Cannibals,No existe puntuacion
180 Segundos,Valoración: 50%
Quantum Zeno,"Valoración: 7,4/10"
Watch Over Me,65%
Cheated,No existe puntuacion
Kod Adi: Venüs,Valoración: 5/10
Misseu Go,No existe puntuacion
Android Insurrection,7%
Zama Zama,97%
Thappana,No existe puntuacion
Dhenikaina Ready,No existe puntuacion
Dalua Downhill,No existe puntuacion
GMac Big Wave Attack: North Canyon,No existe puntuacion
Mael Lambong,Valoración: 39%
Slaughter Tales,No existe puntuacion
X,No existe puntuacion
Jiwa Taiko,No existe puntuacion
Thiruthani,No existe puntuacion
Benjamin Wolf,No existe puntuacion
Deddo sushi,100%
The Hour,88%
Agent Beetle,No existe puntuacion
Manzana's Restaurant,No existe puntuacion
Uu Kodathara Ulikki Padathara,No existe puntuacion
Bellicher: Cel,Valoración: 39%
The Vindication of Ronald Clay,No existe puntuacion
Street Fight,81%
Arjun: The Warrior Prince,67%
Manhandlers,No existe puntuacion
Fuse: teppô musume no torimonochô,No existe puntuacion
Out Mates,No existe puntuacion
The Man-Hunt,No existe puntuacion
Pi zi ying xiong shou bu qu: Quan mian kai zhan,No existe puntuacion
Maria Del Norte,No existe puntuacion
Chorabali,No existe puntuacion
Ganchub,39%
Raising Wolves,No existe puntuacion
Street Smart,67%
Flashdrive,83%
"El Yaque, Pueblo de Campeones",No existe puntuacion
Shapath,No existe puntuacion
Marudukku sukuranburu: Haiki,"Valoración: 6,4/10"
Hero,94%
Tráiganme la Cabeza de la Mujer Metralleta,50%
Easy Hustle,No existe puntuacion
Masters of Eagle Claw Kung Fu,No existe puntuacion
A Sweet and Vicious Beauty,No existe puntuacion
40 Days and Nights,17%
Young Blood: Evil Intentions,100%
Master i Margarita. Roman,No existe puntuacion
8 Jam,No existe puntuacion
24 Hours in 70 Minutes,Valoración: 84%
Baramgwa hamjje sarajida,Valoración: 54%
Mueng Ku,No existe puntuacion
Silent Echo,No existe puntuacion
Mystic Fighters,No existe puntuacion
Re xue jie tou,100%
Da Shang Hai,71%
Chao shi kong jiu bing,No existe puntuacion
Ladies' Turn,No existe puntuacion
Blackmoney ®,No existe puntuacion
Reunited,No existe puntuacion
Running on Empty,81%
Dak teol,No existe puntuacion
Nae-ga sal-in-beom-i-da,66%
El Presidente,37%
Collision Course,No existe puntuacion
Lost in Hustle,No existe puntuacion
Sabbubah,No existe puntuacion
Solovey-Razboynik,"Valoración: 5,3/10"
Estado de Exceção,No existe puntuacion
On the North Coast,Valoración: 83%
Kame Koummando,No existe puntuacion
Big Hit,64%
Abdu Mouta,No existe puntuacion
Mumbai Shooters,No existe puntuacion
Krishnam Vande Jagadgurum,60%
Od Zrna Do Slike,Valoración: 39%
Gachiban Worst Max,No existe puntuacion
Gachiban Super Max,No existe puntuacion
Gachiban Trial,No existe puntuacion
Raskal Love,No existe puntuacion
War of the Worlds the True Story,58%
El Call Center De Los Muertos 2,No existe puntuacion
Sacred Assassin,No existe puntuacion
Gekijouban Tiger & Bunny: The Beginning,54%
Warehouse,82%
Code Name Oracle,No existe puntuacion
Heart Attack! The Early Pulse Pounding Cinema of Kelly Hughes,No existe puntuacion
Clean Ops the Chronicles of V,Valoración: 85%
SAM: Saya Amat Mencintaimu,No existe puntuacion
Kamen raidâ × Kamen raidâ Wizâdo & Fôze: Movie taisen arutimeitamu,No existe puntuacion
Thiruvambadi Thamban,No existe puntuacion
THG: The Beginning,No existe puntuacion
Drachenmädchen,No existe puntuacion
The Deadline,0%
Si Agimat si Enteng Kabisote at si ako,No existe puntuacion
The Strangers,No existe puntuacion
Mariposa: Sa hawla ng gabi,"Valoración: 6,9/10"
Golden Circle,50%
Black Friday: Dark Dawn,No existe puntuacion
Crave,29%
Shake Rattle and Roll Fourteen: The Invasion,No existe puntuacion
Call of Babylon,No existe puntuacion
Jian shi liu bai yuan,No existe puntuacion
2056 Escape from Zombie Island,No existe puntuacion
The Queen,97%
Path to Darkness,55%
Realm of the Mole Men,43%
Gekijoban Pocket Monster Best Wishes! Kyurem vs Seikenshi Keldeo,56%
The Stone Sisters: Exodus,No existe puntuacion
Building 34,No existe puntuacion
The Admin Effect,No existe puntuacion
Ta-weo,29%
Paddle Pop Adventures 2: Journey Into the Kingdom,No existe puntuacion
Annamaura,No existe puntuacion
Nowhere Left to Run,Valoración: 88%
Halo 4 Movie: Reclaimer Trilogy Part 1 - Awakening,69%
Theevram,No existe puntuacion
Gun or Dance,No existe puntuacion
Idiots Product & Money 2,84%
In the Game: Zombies,Valoración: 76%
Writer's Block,No existe puntuacion
Slave Warrior,No existe puntuacion
Hampi: Valley of the Kings,No existe puntuacion
Wounded,No existe puntuacion
Junior,No existe puntuacion
Reward,No existe puntuacion
Demokarasi,39%
Aftermath,82%
Antapal,58%
Disheartened,No existe puntuacion
Batman Revealed,85%
Murder of Couriers,83%
Alpha Protocol: Solomon's Stele,No existe puntuacion
Never Too Late,No existe puntuacion
American Thrill Ride,Valoración: 80%
Burning for Love,92%
Vyöhyke,No existe puntuacion
Still I Strive,No existe puntuacion
Pena de muerte,76%
The Hunt,92%
Student Seven,Valoración: 82%
Killing Heat,No existe puntuacion
Jakali onda,39%
Taikun,39%
Pe3,No existe puntuacion
Kepong Gangster,No existe puntuacion
Apa Celop Toqq...,Valoración: 39%
Gambil,No existe puntuacion
Changing Hands Feature,No existe puntuacion
Budak Pailang,No existe puntuacion
Nils,No existe puntuacion
Sepah: The Movie,Valoración: 39%
Drei Ritter - Auch die tiefste Provinz hat ihre Helden,No existe puntuacion
Yeong-geon tam-jeong-sa-mu-so,No existe puntuacion
The Making of 'Pusher',47%
A Stand Up Paddle Movie,Valoración: 27%
Hridaynath,No existe puntuacion
Jeremy Jones' Further,No existe puntuacion
The Dream Factory,No existe puntuacion
Skeptic,No existe puntuacion
Guardians of the Gates: The Surfboats,No existe puntuacion
Champion,No existe puntuacion
Dream,Valoración: 76%
Pasukan Kapiten,No existe puntuacion
The Hitlist,No existe puntuacion
Shockwave,67%
Simhasanam 2021,No existe puntuacion
Awara,No existe puntuacion
Mu ji zhe,88%
No More Sorrow 3: Whispers in the Dark,33%
Traficantes de dolares,No existe puntuacion
Criminal Hunter,Valoración: 79%
Pae-neun Yeo-ja,No existe puntuacion
Nanashi no jûjika,No existe puntuacion
Big Fish,75%
18 Vayasu,Valoración: 98%
The Collector,No existe puntuacion
Bazarer Coolie,Valoración: 39%
Challenge 2,No existe puntuacion
Parshuram,No existe puntuacion
Don't Call Me Bambino,94%
Bad Girl - Gote Badnam Jhiara Katha,No existe puntuacion
ACP Ranveer,No existe puntuacion
Brda 21000 Split,No existe puntuacion
Destroyer Prince,No existe puntuacion
The Whore Church Vol. 1,No existe puntuacion
Steve Cicco,No existe puntuacion
Witherfall,Valoración: 35%
Immersion the Movie,No existe puntuacion
The African Cypher,No existe puntuacion
Dia de Gracia,No existe puntuacion
El Buchon,No existe puntuacion
Iashmiir,56%
Chronique d'un Affranchi,No existe puntuacion
Jaanu,No existe puntuacion
Idiot,71%
Chingari,No existe puntuacion
The Helpless,71%
Macho Mustanaa,No existe puntuacion
Jaaneman,No existe puntuacion
Emmanuelle Through Time: Rod Steele 0014 & Naked Agent 0069,No existe puntuacion
Bheema Theeradalli,No existe puntuacion
First Kill,15%
Macbeth,80%
Jo joko,No existe puntuacion
Dominican,No existe puntuacion
Matter,No existe puntuacion
Imperfect,No existe puntuacion
Juri Hijua,No existe puntuacion
Gei ye shou xian hua,No existe puntuacion
Bol-cheu-wa Beul-lib,No existe puntuacion
Code Geass: Boukoku no Akito 1 - Yokuryuu wa Maiorita,No existe puntuacion
"Astra, i heart you",No existe puntuacion
Nandeeswarudu,No existe puntuacion
2 Brothers: The Movie,Valoración: 78%
The King of the Streets,32%
A Century of the Brave,No existe puntuacion
Final Demand: Action & Martial Arts Thriller,No existe puntuacion
Baarood (The Fire) - A Love Story,Valoración: 63%
È solo questione di punti di vista,No existe puntuacion
Romance Policial,No existe puntuacion
Ritratti di surf,No existe puntuacion
Doli Chadh Ke Dulhin Sasurar Chalali,No existe puntuacion
Way of the Monkey's Claw,15%
Yu Chigong,45%
Macross FB 7: Ore no Uta o Kike!,No existe puntuacion
Sang Martir,No existe puntuacion
Hellriders,No existe puntuacion
Alina,No existe puntuacion
Consequences,No existe puntuacion
Mahou shoujo ririkaru Nanoha the Movie 2nd A's,No existe puntuacion
Mission: Irreparable,Valoración: 39%
Khoon Pasina,Valoración: 40%
MLA Mani Patham Classum Gusthiyum,No existe puntuacion
Gog' Helen,No existe puntuacion
Luo tuo ke,"Valoración: 1,9/10"
Six-Gun Women,No existe puntuacion
Dum Asel Tar,91%
Strangers in New York,Valoración: 49%
Two Hearts,Valoración: 17%
Xoris Elpida Epiviosis,No existe puntuacion
Vavval Pasanga,No existe puntuacion
Ba gua zhong shi,No existe puntuacion
Hum Hain Mairvi,Valoración: 74%
Mirattal,No existe puntuacion
Let pan,26%
Tera Mera Vaada,No existe puntuacion
Shivaji the Real Hero,No existe puntuacion
Saugandh Ganga Maiya Ke,No existe puntuacion
Qayamat Hi Qayamat,No existe puntuacion
Muffin Top,84%
"ANONYMITY: The History of Straight, Incorporated PT. III",No existe puntuacion
Di yu wu men,No existe puntuacion
Random Breach,Valoración: 82%
Sambha: Aajcha Chhavaa,No existe puntuacion
Ek Aur Faulad,Valoración: 39%
The Coal Mafiaa,No existe puntuacion
Malla Yuddha,No existe puntuacion
Satyamev Jayate,No existe puntuacion
Prem Vidrohi,No existe puntuacion
Ranveer,No existe puntuacion
Kaisan Piyawa Ke Charitar Ba,No existe puntuacion
Most Welcome,94%
L'Empereur: The Fighter,Valoración: 91%
Khodar Pore Ma,No existe puntuacion
Infiltrators,No existe puntuacion
Katherine,2%
The Adventures of Panda Warrior,29%
7/77 Montréal,Valoración: 77%
Guru,No existe puntuacion
Bikram Singha: The Lion Is Back,No existe puntuacion
Jasur,Valoración: 39%
The Speed,23%
Adigaram 79,No existe puntuacion
Superheroes of Stoke,No existe puntuacion
Live or Die,No existe puntuacion
Once upon a Time Out in the West,96%
Roozhaye Zendegi,39%
Shooter,No existe puntuacion
Agent 07: Black Abyss,No existe puntuacion
This Is Yagidal,No existe puntuacion
On my way,20%
My Other Side,No existe puntuacion
Joshi kosei boryoku kyoshitsu,No existe puntuacion
Qing chun bo quan,No existe puntuacion
Agnatham,19%
Los 7 Sellos,No existe puntuacion
El Vagabundo,93%
Vamonos Pal Norte,No existe puntuacion
Out a Street Part 2: Heated,Valoración: 12%
Don Number One,No existe puntuacion
Shinjuku Wolf,No existe puntuacion
I am Chinese,25%
Senasuru Maruwa,No existe puntuacion
Home,No existe puntuacion
Chanakyudu,No existe puntuacion
Le prince du ghetto,94%
Monroe City,No existe puntuacion
Young Hero Yue Fei,No existe puntuacion
Chapulin: El Hijo De La Leyenda,No existe puntuacion
Alla Talar Svenska,No existe puntuacion
Shao lin da mo jian,No existe puntuacion
"Pastor invade área de R$ 4 milhões - AMMP - Dono de um terreno avaliado em R$ 4 milhões no Setor de Mansões do Lago Norte, com acesso à orla do Paranoá.",No existe puntuacion
Markova ulica,No existe puntuacion
Integrity,No existe puntuacion
Prayer,92%
Understand me,No existe puntuacion
Dhoom Machaila Raja jee,No existe puntuacion
Hotel Babylon,No existe puntuacion
The Fashion Police,No existe puntuacion
Two Sonics: The Movie,Valoración: 69%
Las aguilas andan solas II,No existe puntuacion
Las águilas andan solas III,No existe puntuacion
Exclusiva,No existe puntuacion
Faso Furie,95%
Laberinto de Mentiras,No existe puntuacion
Ek Joban,Valoración: 39%
The Leftovers Trailer,91%
Operation Mumbai,No existe puntuacion
Vaanam Partha Seemayile,No existe puntuacion
The 4th Reich,No existe puntuacion
Billa II - Gangster Thriller Movie Dubbed in Hindi,No existe puntuacion
Gokudo no onna,No existe puntuacion
